backend,memory_id,expected_version,memory_version,rawerk_version,bm25_version,status
cassandra,p53c-memory-0000000,4,4,4,4,PASS
cassandra,p53c-memory-0000001,3,3,3,3,PASS
cassandra,p53c-memory-0000002,4,4,4,4,PASS
cassandra,p53c-memory-0000003,6,6,6,6,PASS
cassandra,p53c-memory-0000004,5,5,5,5,PASS
cassandra,p53c-memory-0000005,2,2,2,2,PASS
cassandra,p53c-memory-0000006,2,2,2,2,PASS
cassandra,p53c-memory-0000007,5,5,5,5,PASS
cassandra,p53c-memory-0000008,2,2,2,2,PASS
cassandra,p53c-memory-0000009,5,5,5,5,PASS
cassandra,p53c-memory-0000010,1,1,1,1,PASS
cassandra,p53c-memory-0000011,4,4,4,4,PASS
cassandra,p53c-memory-0000012,3,3,3,3,PASS
cassandra,p53c-memory-0000013,3,3,3,3,PASS
cassandra,p53c-memory-0000014,3,3,3,3,PASS
cassandra,p53c-memory-0000015,2,2,2,2,PASS
cassandra,p53c-memory-0000016,4,4,4,4,PASS
cassandra,p53c-memory-0000017,6,6,6,6,PASS
cassandra,p53c-memory-0000018,4,4,4,4,PASS
cassandra,p53c-memory-0000019,2,2,2,2,PASS
cassandra,p53c-memory-0000020,2,2,2,2,PASS
cassandra,p53c-memory-0000021,4,4,4,4,PASS
cassandra,p53c-memory-0000022,2,2,2,2,PASS
cassandra,p53c-memory-0000023,3,3,3,3,PASS
cassandra,p53c-memory-0000024,3,3,3,3,PASS
cassandra,p53c-memory-0000025,3,3,3,3,PASS
cassandra,p53c-memory-0000026,5,5,5,5,PASS
cassandra,p53c-memory-0000027,1,1,1,1,PASS
cassandra,p53c-memory-0000028,2,2,2,2,PASS
cassandra,p53c-memory-0000029,4,4,4,4,PASS
cassandra,p53c-memory-0000030,2,2,2,2,PASS
cassandra,p53c-memory-0000031,3,3,3,3,PASS
cassandra,p53c-memory-0000032,3,3,3,3,PASS
cassandra,p53c-memory-0000033,3,3,3,3,PASS
cassandra,p53c-memory-0000034,5,5,5,5,PASS
cassandra,p53c-memory-0000035,4,4,4,4,PASS
cassandra,p53c-memory-0000036,3,3,3,3,PASS
cassandra,p53c-memory-0000037,4,4,4,4,PASS
cassandra,p53c-memory-0000038,3,3,3,3,PASS
cassandra,p53c-memory-0000039,1,1,1,1,PASS
cassandra,p53c-memory-0000040,2,2,2,2,PASS
cassandra,p53c-memory-0000041,4,4,4,4,PASS
cassandra,p53c-memory-0000042,3,3,3,3,PASS
cassandra,p53c-memory-0000043,2,2,2,2,PASS
cassandra,p53c-memory-0000044,5,5,5,5,PASS
cassandra,p53c-memory-0000045,4,4,4,4,PASS
cassandra,p53c-memory-0000046,5,5,5,5,PASS
cassandra,p53c-memory-0000047,3,3,3,3,PASS
cassandra,p53c-memory-0000048,4,4,4,4,PASS
cassandra,p53c-memory-0000049,3,3,3,3,PASS
cassandra,p53c-memory-0000050,2,2,2,2,PASS
cassandra,p53c-memory-0000051,3,3,3,3,PASS
cassandra,p53c-memory-0000052,3,3,3,3,PASS
cassandra,p53c-memory-0000053,2,2,2,2,PASS
cassandra,p53c-memory-0000054,1,1,1,1,PASS
cassandra,p53c-memory-0000055,1,1,1,1,PASS
cassandra,p53c-memory-0000056,1,1,1,1,PASS
cassandra,p53c-memory-0000057,1,1,1,1,PASS
cassandra,p53c-memory-0000058,2,2,2,2,PASS
cassandra,p53c-memory-0000059,4,4,4,4,PASS
cassandra,p53c-memory-0000060,5,5,5,5,PASS
cassandra,p53c-memory-0000061,2,2,2,2,PASS
cassandra,p53c-memory-0000062,1,1,1,1,PASS
cassandra,p53c-memory-0000063,2,2,2,2,PASS
cassandra,p53c-memory-0000064,1,1,1,1,PASS
cassandra,p53c-memory-0000065,4,4,4,4,PASS
cassandra,p53c-memory-0000066,2,2,2,2,PASS
cassandra,p53c-memory-0000067,2,2,2,2,PASS
cassandra,p53c-memory-0000068,2,2,2,2,PASS
cassandra,p53c-memory-0000069,2,2,2,2,PASS
cassandra,p53c-memory-0000070,4,4,4,4,PASS
cassandra,p53c-memory-0000071,3,3,3,3,PASS
cassandra,p53c-memory-0000072,4,4,4,4,PASS
cassandra,p53c-memory-0000073,2,2,2,2,PASS
cassandra,p53c-memory-0000074,2,2,2,2,PASS
cassandra,p53c-memory-0000075,2,2,2,2,PASS
cassandra,p53c-memory-0000076,3,3,3,3,PASS
cassandra,p53c-memory-0000077,2,2,2,2,PASS
cassandra,p53c-memory-0000078,2,2,2,2,PASS
cassandra,p53c-memory-0000079,3,3,3,3,PASS
cassandra,p53c-memory-0000080,4,4,4,4,PASS
cassandra,p53c-memory-0000081,2,2,2,2,PASS
cassandra,p53c-memory-0000082,3,3,3,3,PASS
cassandra,p53c-memory-0000083,1,1,1,1,PASS
cassandra,p53c-memory-0000084,1,1,1,1,PASS
cassandra,p53c-memory-0000085,3,3,3,3,PASS
cassandra,p53c-memory-0000086,3,3,3,3,PASS
cassandra,p53c-memory-0000087,2,2,2,2,PASS
cassandra,p53c-memory-0000088,1,1,1,1,PASS
cassandra,p53c-memory-0000089,1,1,1,1,PASS
cassandra,p53c-memory-0000090,1,1,1,1,PASS
cassandra,p53c-memory-0000091,2,2,2,2,PASS
cassandra,p53c-memory-0000092,1,1,1,1,PASS
cassandra,p53c-memory-0000093,3,3,3,3,PASS
cassandra,p53c-memory-0000094,1,1,1,1,PASS
cassandra,p53c-memory-0000095,3,3,3,3,PASS
cassandra,p53c-memory-0000096,1,1,1,1,PASS
cassandra,p53c-memory-0000097,2,2,2,2,PASS
cassandra,p53c-memory-0000098,1,1,1,1,PASS
cassandra,p53c-memory-0000099,1,1,1,1,PASS
cassandra,p53c-memory-0000100,3,3,3,3,PASS
cassandra,p53c-memory-0000101,2,2,2,2,PASS
cassandra,p53c-memory-0000102,1,1,1,1,PASS
cassandra,p53c-memory-0000103,3,3,3,3,PASS
cassandra,p53c-memory-0000104,2,2,2,2,PASS
cassandra,p53c-memory-0000105,1,1,1,1,PASS
cassandra,p53c-memory-0000106,3,3,3,3,PASS
cassandra,p53c-memory-0000107,3,3,3,3,PASS
cassandra,p53c-memory-0000108,4,4,4,4,PASS
cassandra,p53c-memory-0000109,3,3,3,3,PASS
cassandra,p53c-memory-0000110,2,2,2,2,PASS
cassandra,p53c-memory-0000111,2,2,2,2,PASS
cassandra,p53c-memory-0000112,1,1,1,1,PASS
cassandra,p53c-memory-0000113,1,1,1,1,PASS
cassandra,p53c-memory-0000114,1,1,1,1,PASS
cassandra,p53c-memory-0000115,2,2,2,2,PASS
cassandra,p53c-memory-0000116,3,3,3,3,PASS
cassandra,p53c-memory-0000117,2,2,2,2,PASS
cassandra,p53c-memory-0000118,2,2,2,2,PASS
cassandra,p53c-memory-0000119,2,2,2,2,PASS
cassandra,p53c-memory-0000120,2,2,2,2,PASS
cassandra,p53c-memory-0000121,2,2,2,2,PASS
cassandra,p53c-memory-0000122,4,4,4,4,PASS
cassandra,p53c-memory-0000123,1,1,1,1,PASS
cassandra,p53c-memory-0000124,5,5,5,5,PASS
cassandra,p53c-memory-0000125,3,3,3,3,PASS
cassandra,p53c-memory-0000126,2,2,2,2,PASS
cassandra,p53c-memory-0000127,1,1,1,1,PASS
cassandra,p53c-memory-0000128,3,3,3,3,PASS
cassandra,p53c-memory-0000129,2,2,2,2,PASS
cassandra,p53c-memory-0000130,1,1,1,1,PASS
cassandra,p53c-memory-0000131,1,1,1,1,PASS
cassandra,p53c-memory-0000132,3,3,3,3,PASS
cassandra,p53c-memory-0000133,2,2,2,2,PASS
cassandra,p53c-memory-0000134,3,3,3,3,PASS
cassandra,p53c-memory-0000135,3,3,3,3,PASS
cassandra,p53c-memory-0000136,2,2,2,2,PASS
cassandra,p53c-memory-0000137,1,1,1,1,PASS
cassandra,p53c-memory-0000138,3,3,3,3,PASS
cassandra,p53c-memory-0000139,2,2,2,2,PASS
cassandra,p53c-memory-0000140,1,1,1,1,PASS
cassandra,p53c-memory-0000141,2,2,2,2,PASS
cassandra,p53c-memory-0000142,3,3,3,3,PASS
cassandra,p53c-memory-0000143,1,1,1,1,PASS
cassandra,p53c-memory-0000144,2,2,2,2,PASS
cassandra,p53c-memory-0000145,3,3,3,3,PASS
cassandra,p53c-memory-0000146,2,2,2,2,PASS
cassandra,p53c-memory-0000147,2,2,2,2,PASS
cassandra,p53c-memory-0000148,1,1,1,1,PASS
cassandra,p53c-memory-0000149,4,4,4,4,PASS
cassandra,p53c-memory-0000150,5,5,5,5,PASS
cassandra,p53c-memory-0000151,4,4,4,4,PASS
cassandra,p53c-memory-0000152,4,4,4,4,PASS
cassandra,p53c-memory-0000153,1,1,1,1,PASS
cassandra,p53c-memory-0000154,1,1,1,1,PASS
cassandra,p53c-memory-0000155,1,1,1,1,PASS
cassandra,p53c-memory-0000156,4,4,4,4,PASS
cassandra,p53c-memory-0000157,2,2,2,2,PASS
cassandra,p53c-memory-0000158,1,1,1,1,PASS
cassandra,p53c-memory-0000159,3,3,3,3,PASS
cassandra,p53c-memory-0000160,4,4,4,4,PASS
cassandra,p53c-memory-0000161,1,1,1,1,PASS
cassandra,p53c-memory-0000162,2,2,2,2,PASS
cassandra,p53c-memory-0000163,2,2,2,2,PASS
cassandra,p53c-memory-0000164,1,1,1,1,PASS
cassandra,p53c-memory-0000165,1,1,1,1,PASS
cassandra,p53c-memory-0000166,5,5,5,5,PASS
cassandra,p53c-memory-0000167,1,1,1,1,PASS
cassandra,p53c-memory-0000168,3,3,3,3,PASS
cassandra,p53c-memory-0000169,2,2,2,2,PASS
cassandra,p53c-memory-0000170,2,2,2,2,PASS
cassandra,p53c-memory-0000171,1,1,1,1,PASS
cassandra,p53c-memory-0000172,1,1,1,1,PASS
cassandra,p53c-memory-0000173,2,2,2,2,PASS
cassandra,p53c-memory-0000174,2,2,2,2,PASS
cassandra,p53c-memory-0000175,3,3,3,3,PASS
cassandra,p53c-memory-0000176,1,1,1,1,PASS
cassandra,p53c-memory-0000177,3,3,3,3,PASS
cassandra,p53c-memory-0000178,1,1,1,1,PASS
cassandra,p53c-memory-0000179,3,3,3,3,PASS
cassandra,p53c-memory-0000180,1,1,1,1,PASS
cassandra,p53c-memory-0000181,3,3,3,3,PASS
cassandra,p53c-memory-0000182,3,3,3,3,PASS
cassandra,p53c-memory-0000183,2,2,2,2,PASS
cassandra,p53c-memory-0000184,2,2,2,2,PASS
cassandra,p53c-memory-0000185,3,3,3,3,PASS
cassandra,p53c-memory-0000186,4,4,4,4,PASS
cassandra,p53c-memory-0000187,3,3,3,3,PASS
cassandra,p53c-memory-0000188,2,2,2,2,PASS
cassandra,p53c-memory-0000189,2,2,2,2,PASS
cassandra,p53c-memory-0000190,2,2,2,2,PASS
cassandra,p53c-memory-0000191,1,1,1,1,PASS
cassandra,p53c-memory-0000192,3,3,3,3,PASS
cassandra,p53c-memory-0000193,1,1,1,1,PASS
cassandra,p53c-memory-0000194,3,3,3,3,PASS
cassandra,p53c-memory-0000195,2,2,2,2,PASS
cassandra,p53c-memory-0000196,1,1,1,1,PASS
cassandra,p53c-memory-0000197,2,2,2,2,PASS
cassandra,p53c-memory-0000198,2,2,2,2,PASS
cassandra,p53c-memory-0000199,1,1,1,1,PASS
cassandra,p53c-memory-0000200,1,1,1,1,PASS
cassandra,p53c-memory-0000201,1,1,1,1,PASS
cassandra,p53c-memory-0000202,1,1,1,1,PASS
cassandra,p53c-memory-0000203,2,2,2,2,PASS
cassandra,p53c-memory-0000204,1,1,1,1,PASS
cassandra,p53c-memory-0000205,1,1,1,1,PASS
cassandra,p53c-memory-0000206,2,2,2,2,PASS
cassandra,p53c-memory-0000207,3,3,3,3,PASS
cassandra,p53c-memory-0000208,1,1,1,1,PASS
cassandra,p53c-memory-0000209,2,2,2,2,PASS
cassandra,p53c-memory-0000210,2,2,2,2,PASS
cassandra,p53c-memory-0000211,1,1,1,1,PASS
cassandra,p53c-memory-0000212,4,4,4,4,PASS
cassandra,p53c-memory-0000213,1,1,1,1,PASS
cassandra,p53c-memory-0000214,1,1,1,1,PASS
cassandra,p53c-memory-0000215,2,2,2,2,PASS
cassandra,p53c-memory-0000216,2,2,2,2,PASS
cassandra,p53c-memory-0000217,1,1,1,1,PASS
cassandra,p53c-memory-0000218,3,3,3,3,PASS
cassandra,p53c-memory-0000219,2,2,2,2,PASS
cassandra,p53c-memory-0000220,2,2,2,2,PASS
cassandra,p53c-memory-0000221,2,2,2,2,PASS
cassandra,p53c-memory-0000222,2,2,2,2,PASS
cassandra,p53c-memory-0000223,3,3,3,3,PASS
cassandra,p53c-memory-0000224,3,3,3,3,PASS
cassandra,p53c-memory-0000225,2,2,2,2,PASS
cassandra,p53c-memory-0000226,1,1,1,1,PASS
cassandra,p53c-memory-0000227,3,3,3,3,PASS
cassandra,p53c-memory-0000228,2,2,2,2,PASS
cassandra,p53c-memory-0000229,2,2,2,2,PASS
cassandra,p53c-memory-0000230,1,1,1,1,PASS
cassandra,p53c-memory-0000231,2,2,2,2,PASS
cassandra,p53c-memory-0000232,2,2,2,2,PASS
cassandra,p53c-memory-0000233,1,1,1,1,PASS
cassandra,p53c-memory-0000234,3,3,3,3,PASS
cassandra,p53c-memory-0000235,1,1,1,1,PASS
cassandra,p53c-memory-0000236,1,1,1,1,PASS
cassandra,p53c-memory-0000237,1,1,1,1,PASS
cassandra,p53c-memory-0000238,1,1,1,1,PASS
cassandra,p53c-memory-0000239,2,2,2,2,PASS
cassandra,p53c-memory-0000240,2,2,2,2,PASS
cassandra,p53c-memory-0000241,2,2,2,2,PASS
cassandra,p53c-memory-0000242,2,2,2,2,PASS
cassandra,p53c-memory-0000243,2,2,2,2,PASS
cassandra,p53c-memory-0000244,1,1,1,1,PASS
cassandra,p53c-memory-0000245,2,2,2,2,PASS
cassandra,p53c-memory-0000246,1,1,1,1,PASS
cassandra,p53c-memory-0000247,1,1,1,1,PASS
cassandra,p53c-memory-0000248,1,1,1,1,PASS
cassandra,p53c-memory-0000249,2,2,2,2,PASS
cassandra,p53c-memory-0000250,2,2,2,2,PASS
cassandra,p53c-memory-0000251,2,2,2,2,PASS
cassandra,p53c-memory-0000252,1,1,1,1,PASS
cassandra,p53c-memory-0000253,1,1,1,1,PASS
cassandra,p53c-memory-0000254,3,3,3,3,PASS
cassandra,p53c-memory-0000255,1,1,1,1,PASS
cassandra,p53c-memory-0000256,1,1,1,1,PASS
cassandra,p53c-memory-0000257,2,2,2,2,PASS
cassandra,p53c-memory-0000258,1,1,1,1,PASS
cassandra,p53c-memory-0000259,2,2,2,2,PASS
cassandra,p53c-memory-0000260,1,1,1,1,PASS
cassandra,p53c-memory-0000261,1,1,1,1,PASS
cassandra,p53c-memory-0000262,2,2,2,2,PASS
cassandra,p53c-memory-0000263,1,1,1,1,PASS
cassandra,p53c-memory-0000264,3,3,3,3,PASS
cassandra,p53c-memory-0000265,2,2,2,2,PASS
cassandra,p53c-memory-0000266,1,1,1,1,PASS
cassandra,p53c-memory-0000267,2,2,2,2,PASS
cassandra,p53c-memory-0000268,5,5,5,5,PASS
cassandra,p53c-memory-0000269,1,1,1,1,PASS
cassandra,p53c-memory-0000270,1,1,1,1,PASS
cassandra,p53c-memory-0000271,2,2,2,2,PASS
cassandra,p53c-memory-0000272,1,1,1,1,PASS
cassandra,p53c-memory-0000273,1,1,1,1,PASS
cassandra,p53c-memory-0000274,1,1,1,1,PASS
cassandra,p53c-memory-0000275,1,1,1,1,PASS
cassandra,p53c-memory-0000276,2,2,2,2,PASS
cassandra,p53c-memory-0000277,2,2,2,2,PASS
cassandra,p53c-memory-0000278,1,1,1,1,PASS
cassandra,p53c-memory-0000279,1,1,1,1,PASS
cassandra,p53c-memory-0000280,1,1,1,1,PASS
cassandra,p53c-memory-0000281,1,1,1,1,PASS
cassandra,p53c-memory-0000282,2,2,2,2,PASS
cassandra,p53c-memory-0000283,2,2,2,2,PASS
cassandra,p53c-memory-0000284,2,2,2,2,PASS
cassandra,p53c-memory-0000285,1,1,1,1,PASS
cassandra,p53c-memory-0000286,1,1,1,1,PASS
cassandra,p53c-memory-0000287,2,2,2,2,PASS
cassandra,p53c-memory-0000288,1,1,1,1,PASS
cassandra,p53c-memory-0000289,1,1,1,1,PASS
cassandra,p53c-memory-0000290,2,2,2,2,PASS
cassandra,p53c-memory-0000291,1,1,1,1,PASS
cassandra,p53c-memory-0000292,2,2,2,2,PASS
cassandra,p53c-memory-0000293,2,2,2,2,PASS
cassandra,p53c-memory-0000294,1,1,1,1,PASS
cassandra,p53c-memory-0000295,1,1,1,1,PASS
cassandra,p53c-memory-0000296,3,3,3,3,PASS
cassandra,p53c-memory-0000297,1,1,1,1,PASS
cassandra,p53c-memory-0000298,1,1,1,1,PASS
cassandra,p53c-memory-0000299,1,1,1,1,PASS
cassandra,p53c-memory-0000300,1,1,1,1,PASS
cassandra,p53c-memory-0000301,1,1,1,1,PASS
cassandra,p53c-memory-0000302,1,1,1,1,PASS
cassandra,p53c-memory-0000303,1,1,1,1,PASS
cassandra,p53c-memory-0000304,3,3,3,3,PASS
cassandra,p53c-memory-0000305,2,2,2,2,PASS
cassandra,p53c-memory-0000306,2,2,2,2,PASS
cassandra,p53c-memory-0000307,1,1,1,1,PASS
cassandra,p53c-memory-0000308,1,1,1,1,PASS
cassandra,p53c-memory-0000309,1,1,1,1,PASS
cassandra,p53c-memory-0000310,1,1,1,1,PASS
cassandra,p53c-memory-0000311,2,2,2,2,PASS
cassandra,p53c-memory-0000312,2,2,2,2,PASS
cassandra,p53c-memory-0000313,1,1,1,1,PASS
cassandra,p53c-memory-0000314,1,1,1,1,PASS
cassandra,p53c-memory-0000315,1,1,1,1,PASS
cassandra,p53c-memory-0000316,1,1,1,1,PASS
cassandra,p53c-memory-0000317,1,1,1,1,PASS
cassandra,p53c-memory-0000318,1,1,1,1,PASS
cassandra,p53c-memory-0000319,1,1,1,1,PASS
cassandra,p53c-memory-0000320,1,1,1,1,PASS
cassandra,p53c-memory-0000321,3,3,3,3,PASS
cassandra,p53c-memory-0000322,1,1,1,1,PASS
cassandra,p53c-memory-0000323,1,1,1,1,PASS
cassandra,p53c-memory-0000324,3,3,3,3,PASS
cassandra,p53c-memory-0000325,1,1,1,1,PASS
cassandra,p53c-memory-0000326,1,1,1,1,PASS
cassandra,p53c-memory-0000327,1,1,1,1,PASS
cassandra,p53c-memory-0000328,2,2,2,2,PASS
cassandra,p53c-memory-0000329,2,2,2,2,PASS
cassandra,p53c-memory-0000330,1,1,1,1,PASS
cassandra,p53c-memory-0000331,4,4,4,4,PASS
cassandra,p53c-memory-0000332,1,1,1,1,PASS
cassandra,p53c-memory-0000333,2,2,2,2,PASS
cassandra,p53c-memory-0000334,2,2,2,2,PASS
cassandra,p53c-memory-0000335,1,1,1,1,PASS
cassandra,p53c-memory-0000336,1,1,1,1,PASS
cassandra,p53c-memory-0000337,1,1,1,1,PASS
cassandra,p53c-memory-0000338,2,2,2,2,PASS
cassandra,p53c-memory-0000339,1,1,1,1,PASS
cassandra,p53c-memory-0000340,1,1,1,1,PASS
cassandra,p53c-memory-0000341,2,2,2,2,PASS
cassandra,p53c-memory-0000342,1,1,1,1,PASS
cassandra,p53c-memory-0000343,1,1,1,1,PASS
cassandra,p53c-memory-0000344,2,2,2,2,PASS
cassandra,p53c-memory-0000345,1,1,1,1,PASS
cassandra,p53c-memory-0000346,2,2,2,2,PASS
cassandra,p53c-memory-0000347,1,1,1,1,PASS
cassandra,p53c-memory-0000348,1,1,1,1,PASS
cassandra,p53c-memory-0000349,2,2,2,2,PASS
cassandra,p53c-memory-0000350,1,1,1,1,PASS
cassandra,p53c-memory-0000351,2,2,2,2,PASS
cassandra,p53c-memory-0000352,2,2,2,2,PASS
cassandra,p53c-memory-0000353,2,2,2,2,PASS
cassandra,p53c-memory-0000354,1,1,1,1,PASS
cassandra,p53c-memory-0000355,1,1,1,1,PASS
cassandra,p53c-memory-0000356,3,3,3,3,PASS
cassandra,p53c-memory-0000357,5,5,5,5,PASS
cassandra,p53c-memory-0000358,1,1,1,1,PASS
cassandra,p53c-memory-0000359,1,1,1,1,PASS
cassandra,p53c-memory-0000360,1,1,1,1,PASS
cassandra,p53c-memory-0000361,1,1,1,1,PASS
cassandra,p53c-memory-0000362,1,1,1,1,PASS
cassandra,p53c-memory-0000363,1,1,1,1,PASS
cassandra,p53c-memory-0000364,2,2,2,2,PASS
cassandra,p53c-memory-0000365,1,1,1,1,PASS
cassandra,p53c-memory-0000366,1,1,1,1,PASS
cassandra,p53c-memory-0000367,2,2,2,2,PASS
cassandra,p53c-memory-0000368,2,2,2,2,PASS
cassandra,p53c-memory-0000369,2,2,2,2,PASS
cassandra,p53c-memory-0000370,2,2,2,2,PASS
cassandra,p53c-memory-0000371,1,1,1,1,PASS
cassandra,p53c-memory-0000372,1,1,1,1,PASS
cassandra,p53c-memory-0000373,2,2,2,2,PASS
cassandra,p53c-memory-0000374,1,1,1,1,PASS
cassandra,p53c-memory-0000375,1,1,1,1,PASS
cassandra,p53c-memory-0000376,1,1,1,1,PASS
cassandra,p53c-memory-0000377,1,1,1,1,PASS
cassandra,p53c-memory-0000378,1,1,1,1,PASS
cassandra,p53c-memory-0000379,1,1,1,1,PASS
cassandra,p53c-memory-0000380,1,1,1,1,PASS
cassandra,p53c-memory-0000381,2,2,2,2,PASS
cassandra,p53c-memory-0000382,1,1,1,1,PASS
cassandra,p53c-memory-0000383,3,3,3,3,PASS
cassandra,p53c-memory-0000384,1,1,1,1,PASS
cassandra,p53c-memory-0000385,3,3,3,3,PASS
cassandra,p53c-memory-0000386,1,1,1,1,PASS
cassandra,p53c-memory-0000387,1,1,1,1,PASS
cassandra,p53c-memory-0000388,1,1,1,1,PASS
cassandra,p53c-memory-0000389,3,3,3,3,PASS
cassandra,p53c-memory-0000390,1,1,1,1,PASS
cassandra,p53c-memory-0000391,2,2,2,2,PASS
cassandra,p53c-memory-0000392,2,2,2,2,PASS
cassandra,p53c-memory-0000393,2,2,2,2,PASS
cassandra,p53c-memory-0000394,2,2,2,2,PASS
cassandra,p53c-memory-0000395,1,1,1,1,PASS
cassandra,p53c-memory-0000396,2,2,2,2,PASS
cassandra,p53c-memory-0000397,1,1,1,1,PASS
cassandra,p53c-memory-0000398,1,1,1,1,PASS
cassandra,p53c-memory-0000399,1,1,1,1,PASS
cassandra,p53c-memory-0000400,3,3,3,3,PASS
cassandra,p53c-memory-0000401,1,1,1,1,PASS
cassandra,p53c-memory-0000402,1,1,1,1,PASS
cassandra,p53c-memory-0000403,1,1,1,1,PASS
cassandra,p53c-memory-0000404,3,3,3,3,PASS
cassandra,p53c-memory-0000405,2,2,2,2,PASS
cassandra,p53c-memory-0000406,3,3,3,3,PASS
cassandra,p53c-memory-0000407,1,1,1,1,PASS
cassandra,p53c-memory-0000408,1,1,1,1,PASS
cassandra,p53c-memory-0000409,1,1,1,1,PASS
cassandra,p53c-memory-0000410,2,2,2,2,PASS
cassandra,p53c-memory-0000411,1,1,1,1,PASS
cassandra,p53c-memory-0000412,1,1,1,1,PASS
cassandra,p53c-memory-0000413,1,1,1,1,PASS
cassandra,p53c-memory-0000414,1,1,1,1,PASS
cassandra,p53c-memory-0000415,1,1,1,1,PASS
cassandra,p53c-memory-0000416,1,1,1,1,PASS
cassandra,p53c-memory-0000417,2,2,2,2,PASS
cassandra,p53c-memory-0000418,2,2,2,2,PASS
cassandra,p53c-memory-0000419,1,1,1,1,PASS
cassandra,p53c-memory-0000420,2,2,2,2,PASS
cassandra,p53c-memory-0000421,1,1,1,1,PASS
cassandra,p53c-memory-0000422,1,1,1,1,PASS
cassandra,p53c-memory-0000423,2,2,2,2,PASS
cassandra,p53c-memory-0000424,1,1,1,1,PASS
cassandra,p53c-memory-0000425,2,2,2,2,PASS
cassandra,p53c-memory-0000426,1,1,1,1,PASS
cassandra,p53c-memory-0000427,1,1,1,1,PASS
cassandra,p53c-memory-0000428,1,1,1,1,PASS
cassandra,p53c-memory-0000429,2,2,2,2,PASS
cassandra,p53c-memory-0000430,1,1,1,1,PASS
cassandra,p53c-memory-0000431,1,1,1,1,PASS
cassandra,p53c-memory-0000432,1,1,1,1,PASS
cassandra,p53c-memory-0000433,2,2,2,2,PASS
cassandra,p53c-memory-0000434,4,4,4,4,PASS
cassandra,p53c-memory-0000435,1,1,1,1,PASS
cassandra,p53c-memory-0000436,1,1,1,1,PASS
cassandra,p53c-memory-0000437,1,1,1,1,PASS
cassandra,p53c-memory-0000438,4,4,4,4,PASS
cassandra,p53c-memory-0000439,1,1,1,1,PASS
cassandra,p53c-memory-0000440,1,1,1,1,PASS
cassandra,p53c-memory-0000441,1,1,1,1,PASS
cassandra,p53c-memory-0000442,1,1,1,1,PASS
cassandra,p53c-memory-0000443,2,2,2,2,PASS
cassandra,p53c-memory-0000444,1,1,1,1,PASS
cassandra,p53c-memory-0000445,2,2,2,2,PASS
cassandra,p53c-memory-0000446,1,1,1,1,PASS
cassandra,p53c-memory-0000447,2,2,2,2,PASS
cassandra,p53c-memory-0000448,1,1,1,1,PASS
cassandra,p53c-memory-0000449,1,1,1,1,PASS
cassandra,p53c-memory-0000450,1,1,1,1,PASS
cassandra,p53c-memory-0000451,2,2,2,2,PASS
cassandra,p53c-memory-0000452,1,1,1,1,PASS
cassandra,p53c-memory-0000453,1,1,1,1,PASS
cassandra,p53c-memory-0000454,1,1,1,1,PASS
cassandra,p53c-memory-0000455,3,3,3,3,PASS
cassandra,p53c-memory-0000456,1,1,1,1,PASS
cassandra,p53c-memory-0000457,1,1,1,1,PASS
cassandra,p53c-memory-0000458,1,1,1,1,PASS
cassandra,p53c-memory-0000459,1,1,1,1,PASS
cassandra,p53c-memory-0000460,1,1,1,1,PASS
cassandra,p53c-memory-0000461,1,1,1,1,PASS
cassandra,p53c-memory-0000462,1,1,1,1,PASS
cassandra,p53c-memory-0000463,1,1,1,1,PASS
cassandra,p53c-memory-0000464,1,1,1,1,PASS
cassandra,p53c-memory-0000465,1,1,1,1,PASS
cassandra,p53c-memory-0000466,1,1,1,1,PASS
cassandra,p53c-memory-0000467,3,3,3,3,PASS
cassandra,p53c-memory-0000468,1,1,1,1,PASS
cassandra,p53c-memory-0000469,1,1,1,1,PASS
cassandra,p53c-memory-0000470,1,1,1,1,PASS
cassandra,p53c-memory-0000471,2,2,2,2,PASS
cassandra,p53c-memory-0000472,1,1,1,1,PASS
cassandra,p53c-memory-0000473,1,1,1,1,PASS
cassandra,p53c-memory-0000474,2,2,2,2,PASS
cassandra,p53c-memory-0000475,2,2,2,2,PASS
cassandra,p53c-memory-0000476,1,1,1,1,PASS
cassandra,p53c-memory-0000477,1,1,1,1,PASS
cassandra,p53c-memory-0000478,1,1,1,1,PASS
cassandra,p53c-memory-0000479,1,1,1,1,PASS
cassandra,p53c-memory-0000480,1,1,1,1,PASS
cassandra,p53c-memory-0000481,1,1,1,1,PASS
cassandra,p53c-memory-0000482,1,1,1,1,PASS
cassandra,p53c-memory-0000483,1,1,1,1,PASS
cassandra,p53c-memory-0000484,2,2,2,2,PASS
cassandra,p53c-memory-0000485,1,1,1,1,PASS
cassandra,p53c-memory-0000486,1,1,1,1,PASS
cassandra,p53c-memory-0000487,1,1,1,1,PASS
cassandra,p53c-memory-0000488,1,1,1,1,PASS
cassandra,p53c-memory-0000489,3,3,3,3,PASS
cassandra,p53c-memory-0000490,1,1,1,1,PASS
cassandra,p53c-memory-0000491,1,1,1,1,PASS
cassandra,p53c-memory-0000492,1,1,1,1,PASS
cassandra,p53c-memory-0000493,1,1,1,1,PASS
cassandra,p53c-memory-0000494,1,1,1,1,PASS
cassandra,p53c-memory-0000495,1,1,1,1,PASS
cassandra,p53c-memory-0000496,2,2,2,2,PASS
cassandra,p53c-memory-0000497,1,1,1,1,PASS
cassandra,p53c-memory-0000498,2,2,2,2,PASS
cassandra,p53c-memory-0000499,1,1,1,1,PASS
cassandra,p53c-memory-0000500,1,1,1,1,PASS
cassandra,p53c-memory-0000501,1,1,1,1,PASS
cassandra,p53c-memory-0000502,1,1,1,1,PASS
cassandra,p53c-memory-0000503,2,2,2,2,PASS
cassandra,p53c-memory-0000504,1,1,1,1,PASS
cassandra,p53c-memory-0000505,1,1,1,1,PASS
cassandra,p53c-memory-0000506,1,1,1,1,PASS
cassandra,p53c-memory-0000507,1,1,1,1,PASS
cassandra,p53c-memory-0000508,1,1,1,1,PASS
cassandra,p53c-memory-0000509,1,1,1,1,PASS
cassandra,p53c-memory-0000510,3,3,3,3,PASS
cassandra,p53c-memory-0000511,1,1,1,1,PASS
cassandra,p53c-memory-0000512,4,4,4,4,PASS
cassandra,p53c-memory-0000513,1,1,1,1,PASS
cassandra,p53c-memory-0000514,1,1,1,1,PASS
cassandra,p53c-memory-0000515,1,1,1,1,PASS
cassandra,p53c-memory-0000516,1,1,1,1,PASS
cassandra,p53c-memory-0000517,1,1,1,1,PASS
cassandra,p53c-memory-0000518,2,2,2,2,PASS
cassandra,p53c-memory-0000519,2,2,2,2,PASS
cassandra,p53c-memory-0000520,1,1,1,1,PASS
cassandra,p53c-memory-0000521,1,1,1,1,PASS
cassandra,p53c-memory-0000522,2,2,2,2,PASS
cassandra,p53c-memory-0000523,2,2,2,2,PASS
cassandra,p53c-memory-0000524,1,1,1,1,PASS
cassandra,p53c-memory-0000525,1,1,1,1,PASS
cassandra,p53c-memory-0000526,1,1,1,1,PASS
cassandra,p53c-memory-0000527,2,2,2,2,PASS
cassandra,p53c-memory-0000528,2,2,2,2,PASS
cassandra,p53c-memory-0000529,2,2,2,2,PASS
cassandra,p53c-memory-0000530,2,2,2,2,PASS
cassandra,p53c-memory-0000531,1,1,1,1,PASS
cassandra,p53c-memory-0000532,1,1,1,1,PASS
cassandra,p53c-memory-0000533,1,1,1,1,PASS
cassandra,p53c-memory-0000534,1,1,1,1,PASS
cassandra,p53c-memory-0000535,2,2,2,2,PASS
cassandra,p53c-memory-0000536,2,2,2,2,PASS
cassandra,p53c-memory-0000537,1,1,1,1,PASS
cassandra,p53c-memory-0000538,2,2,2,2,PASS
cassandra,p53c-memory-0000539,1,1,1,1,PASS
cassandra,p53c-memory-0000540,1,1,1,1,PASS
cassandra,p53c-memory-0000541,1,1,1,1,PASS
cassandra,p53c-memory-0000542,3,3,3,3,PASS
cassandra,p53c-memory-0000543,1,1,1,1,PASS
cassandra,p53c-memory-0000544,1,1,1,1,PASS
cassandra,p53c-memory-0000545,1,1,1,1,PASS
cassandra,p53c-memory-0000546,1,1,1,1,PASS
cassandra,p53c-memory-0000547,1,1,1,1,PASS
cassandra,p53c-memory-0000548,2,2,2,2,PASS
cassandra,p53c-memory-0000549,1,1,1,1,PASS
cassandra,p53c-memory-0000550,1,1,1,1,PASS
cassandra,p53c-memory-0000551,1,1,1,1,PASS
cassandra,p53c-memory-0000552,1,1,1,1,PASS
cassandra,p53c-memory-0000553,1,1,1,1,PASS
cassandra,p53c-memory-0000554,1,1,1,1,PASS
cassandra,p53c-memory-0000555,1,1,1,1,PASS
cassandra,p53c-memory-0000556,1,1,1,1,PASS
cassandra,p53c-memory-0000557,1,1,1,1,PASS
cassandra,p53c-memory-0000558,1,1,1,1,PASS
cassandra,p53c-memory-0000559,1,1,1,1,PASS
cassandra,p53c-memory-0000560,2,2,2,2,PASS
cassandra,p53c-memory-0000561,3,3,3,3,PASS
cassandra,p53c-memory-0000562,1,1,1,1,PASS
cassandra,p53c-memory-0000563,1,1,1,1,PASS
cassandra,p53c-memory-0000564,1,1,1,1,PASS
cassandra,p53c-memory-0000565,1,1,1,1,PASS
cassandra,p53c-memory-0000566,1,1,1,1,PASS
cassandra,p53c-memory-0000567,2,2,2,2,PASS
cassandra,p53c-memory-0000568,1,1,1,1,PASS
cassandra,p53c-memory-0000569,1,1,1,1,PASS
cassandra,p53c-memory-0000570,1,1,1,1,PASS
cassandra,p53c-memory-0000571,2,2,2,2,PASS
cassandra,p53c-memory-0000572,1,1,1,1,PASS
cassandra,p53c-memory-0000573,2,2,2,2,PASS
cassandra,p53c-memory-0000574,1,1,1,1,PASS
cassandra,p53c-memory-0000575,1,1,1,1,PASS
cassandra,p53c-memory-0000576,1,1,1,1,PASS
cassandra,p53c-memory-0000577,1,1,1,1,PASS
cassandra,p53c-memory-0000578,1,1,1,1,PASS
cassandra,p53c-memory-0000579,1,1,1,1,PASS
cassandra,p53c-memory-0000580,1,1,1,1,PASS
cassandra,p53c-memory-0000581,1,1,1,1,PASS
cassandra,p53c-memory-0000582,1,1,1,1,PASS
cassandra,p53c-memory-0000583,1,1,1,1,PASS
cassandra,p53c-memory-0000584,1,1,1,1,PASS
cassandra,p53c-memory-0000585,1,1,1,1,PASS
cassandra,p53c-memory-0000586,1,1,1,1,PASS
cassandra,p53c-memory-0000587,1,1,1,1,PASS
cassandra,p53c-memory-0000588,2,2,2,2,PASS
cassandra,p53c-memory-0000589,1,1,1,1,PASS
cassandra,p53c-memory-0000590,1,1,1,1,PASS
cassandra,p53c-memory-0000591,1,1,1,1,PASS
cassandra,p53c-memory-0000592,1,1,1,1,PASS
cassandra,p53c-memory-0000593,1,1,1,1,PASS
cassandra,p53c-memory-0000594,1,1,1,1,PASS
cassandra,p53c-memory-0000595,2,2,2,2,PASS
cassandra,p53c-memory-0000596,1,1,1,1,PASS
cassandra,p53c-memory-0000597,1,1,1,1,PASS
cassandra,p53c-memory-0000598,1,1,1,1,PASS
cassandra,p53c-memory-0000599,1,1,1,1,PASS
cassandra,p53c-memory-0000600,1,1,1,1,PASS
cassandra,p53c-memory-0000601,2,2,2,2,PASS
cassandra,p53c-memory-0000602,1,1,1,1,PASS
cassandra,p53c-memory-0000603,1,1,1,1,PASS
cassandra,p53c-memory-0000604,1,1,1,1,PASS
cassandra,p53c-memory-0000605,1,1,1,1,PASS
cassandra,p53c-memory-0000606,1,1,1,1,PASS
cassandra,p53c-memory-0000607,1,1,1,1,PASS
cassandra,p53c-memory-0000608,2,2,2,2,PASS
cassandra,p53c-memory-0000609,1,1,1,1,PASS
cassandra,p53c-memory-0000610,1,1,1,1,PASS
cassandra,p53c-memory-0000611,2,2,2,2,PASS
cassandra,p53c-memory-0000612,1,1,1,1,PASS
cassandra,p53c-memory-0000613,2,2,2,2,PASS
cassandra,p53c-memory-0000614,1,1,1,1,PASS
cassandra,p53c-memory-0000615,1,1,1,1,PASS
cassandra,p53c-memory-0000616,1,1,1,1,PASS
cassandra,p53c-memory-0000617,1,1,1,1,PASS
cassandra,p53c-memory-0000618,1,1,1,1,PASS
cassandra,p53c-memory-0000619,1,1,1,1,PASS
cassandra,p53c-memory-0000620,1,1,1,1,PASS
cassandra,p53c-memory-0000621,1,1,1,1,PASS
cassandra,p53c-memory-0000622,1,1,1,1,PASS
cassandra,p53c-memory-0000623,1,1,1,1,PASS
cassandra,p53c-memory-0000624,1,1,1,1,PASS
cassandra,p53c-memory-0000625,1,1,1,1,PASS
cassandra,p53c-memory-0000626,1,1,1,1,PASS
cassandra,p53c-memory-0000627,1,1,1,1,PASS
cassandra,p53c-memory-0000628,1,1,1,1,PASS
cassandra,p53c-memory-0000629,1,1,1,1,PASS
cassandra,p53c-memory-0000630,1,1,1,1,PASS
cassandra,p53c-memory-0000631,2,2,2,2,PASS
cassandra,p53c-memory-0000632,1,1,1,1,PASS
cassandra,p53c-memory-0000633,1,1,1,1,PASS
cassandra,p53c-memory-0000634,1,1,1,1,PASS
cassandra,p53c-memory-0000635,1,1,1,1,PASS
cassandra,p53c-memory-0000636,1,1,1,1,PASS
cassandra,p53c-memory-0000637,1,1,1,1,PASS
cassandra,p53c-memory-0000638,1,1,1,1,PASS
cassandra,p53c-memory-0000639,1,1,1,1,PASS
cassandra,p53c-memory-0000640,1,1,1,1,PASS
cassandra,p53c-memory-0000641,1,1,1,1,PASS
cassandra,p53c-memory-0000642,1,1,1,1,PASS
cassandra,p53c-memory-0000643,2,2,2,2,PASS
cassandra,p53c-memory-0000644,1,1,1,1,PASS
cassandra,p53c-memory-0000645,1,1,1,1,PASS
cassandra,p53c-memory-0000646,1,1,1,1,PASS
cassandra,p53c-memory-0000647,1,1,1,1,PASS
cassandra,p53c-memory-0000648,1,1,1,1,PASS
cassandra,p53c-memory-0000649,1,1,1,1,PASS
cassandra,p53c-memory-0000650,1,1,1,1,PASS
cassandra,p53c-memory-0000651,1,1,1,1,PASS
cassandra,p53c-memory-0000652,1,1,1,1,PASS
cassandra,p53c-memory-0000653,1,1,1,1,PASS
cassandra,p53c-memory-0000654,1,1,1,1,PASS
cassandra,p53c-memory-0000655,3,3,3,3,PASS
cassandra,p53c-memory-0000656,1,1,1,1,PASS
cassandra,p53c-memory-0000657,1,1,1,1,PASS
cassandra,p53c-memory-0000658,1,1,1,1,PASS
cassandra,p53c-memory-0000659,1,1,1,1,PASS
cassandra,p53c-memory-0000660,1,1,1,1,PASS
cassandra,p53c-memory-0000661,1,1,1,1,PASS
cassandra,p53c-memory-0000662,1,1,1,1,PASS
cassandra,p53c-memory-0000663,1,1,1,1,PASS
cassandra,p53c-memory-0000664,1,1,1,1,PASS
cassandra,p53c-memory-0000665,1,1,1,1,PASS
cassandra,p53c-memory-0000666,1,1,1,1,PASS
cassandra,p53c-memory-0000667,1,1,1,1,PASS
cassandra,p53c-memory-0000668,1,1,1,1,PASS
cassandra,p53c-memory-0000669,1,1,1,1,PASS
cassandra,p53c-memory-0000670,1,1,1,1,PASS
cassandra,p53c-memory-0000671,1,1,1,1,PASS
cassandra,p53c-memory-0000672,1,1,1,1,PASS
cassandra,p53c-memory-0000673,1,1,1,1,PASS
cassandra,p53c-memory-0000674,1,1,1,1,PASS
cassandra,p53c-memory-0000675,1,1,1,1,PASS
cassandra,p53c-memory-0000676,1,1,1,1,PASS
cassandra,p53c-memory-0000677,2,2,2,2,PASS
cassandra,p53c-memory-0000678,1,1,1,1,PASS
cassandra,p53c-memory-0000679,1,1,1,1,PASS
cassandra,p53c-memory-0000680,1,1,1,1,PASS
cassandra,p53c-memory-0000681,1,1,1,1,PASS
cassandra,p53c-memory-0000682,1,1,1,1,PASS
cassandra,p53c-memory-0000683,1,1,1,1,PASS
cassandra,p53c-memory-0000684,1,1,1,1,PASS
cassandra,p53c-memory-0000685,1,1,1,1,PASS
cassandra,p53c-memory-0000686,1,1,1,1,PASS
cassandra,p53c-memory-0000687,1,1,1,1,PASS
cassandra,p53c-memory-0000688,1,1,1,1,PASS
cassandra,p53c-memory-0000689,1,1,1,1,PASS
cassandra,p53c-memory-0000690,1,1,1,1,PASS
cassandra,p53c-memory-0000691,1,1,1,1,PASS
cassandra,p53c-memory-0000692,1,1,1,1,PASS
cassandra,p53c-memory-0000693,2,2,2,2,PASS
cassandra,p53c-memory-0000694,1,1,1,1,PASS
cassandra,p53c-memory-0000695,1,1,1,1,PASS
cassandra,p53c-memory-0000696,1,1,1,1,PASS
cassandra,p53c-memory-0000697,1,1,1,1,PASS
cassandra,p53c-memory-0000698,1,1,1,1,PASS
cassandra,p53c-memory-0000699,1,1,1,1,PASS
cassandra,p53c-memory-0000700,1,1,1,1,PASS
cassandra,p53c-memory-0000701,1,1,1,1,PASS
cassandra,p53c-memory-0000702,1,1,1,1,PASS
cassandra,p53c-memory-0000703,1,1,1,1,PASS
cassandra,p53c-memory-0000704,1,1,1,1,PASS
cassandra,p53c-memory-0000705,1,1,1,1,PASS
cassandra,p53c-memory-0000706,1,1,1,1,PASS
cassandra,p53c-memory-0000707,1,1,1,1,PASS
cassandra,p53c-memory-0000708,1,1,1,1,PASS
cassandra,p53c-memory-0000709,1,1,1,1,PASS
cassandra,p53c-memory-0000710,1,1,1,1,PASS
cassandra,p53c-memory-0000711,1,1,1,1,PASS
cassandra,p53c-memory-0000712,1,1,1,1,PASS
cassandra,p53c-memory-0000713,1,1,1,1,PASS
cassandra,p53c-memory-0000714,1,1,1,1,PASS
cassandra,p53c-memory-0000715,1,1,1,1,PASS
cassandra,p53c-memory-0000716,1,1,1,1,PASS
cassandra,p53c-memory-0000717,1,1,1,1,PASS
cassandra,p53c-memory-0000718,1,1,1,1,PASS
cassandra,p53c-memory-0000719,1,1,1,1,PASS
