query_id,conversation_id,category,R@1,R@10,MRR,Hit@10,method
conv-26_qa_0,conv-26,2,1.0,1.0,1.0,1.0,ZScore_RawERK
conv-26_qa_1,conv-26,2,0.0,0.0,0.0,0.0,ZScore_RawERK
conv-26_qa_10,conv-26,2,1.0,1.0,1.0,1.0,ZScore_RawERK
conv-26_qa_100,conv-26,4,0.0,0.0,0.0,0.0,ZScore_RawERK
conv-26_qa_101,conv-26,4,0.0,1.0,0.5,1.0,ZScore_RawERK
conv-26_qa_102,conv-26,4,0.0,1.0,0.3333333333333333,1.0,ZScore_RawERK
conv-26_qa_103,conv-26,4,0.0,1.0,0.5,1.0,ZScore_RawERK
conv-26_qa_104,conv-26,4,0.0,1.0,0.16666666666666666,1.0,ZScore_RawERK
conv-26_qa_105,conv-26,4,0.0,0.0,0.0,0.0,ZScore_RawERK
conv-26_qa_106,conv-26,4,0.0,1.0,0.1111111111111111,1.0,ZScore_RawERK
conv-26_qa_107,conv-26,4,1.0,1.0,1.0,1.0,ZScore_RawERK
conv-26_qa_108,conv-26,4,0.0,1.0,0.1111111111111111,1.0,ZScore_RawERK
conv-26_qa_109,conv-26,4,1.0,1.0,1.0,1.0,ZScore_RawERK
conv-26_qa_11,conv-26,1,0.0,1.0,0.3333333333333333,1.0,ZScore_RawERK
conv-26_qa_110,conv-26,4,1.0,1.0,1.0,1.0,ZScore_RawERK
conv-26_qa_111,conv-26,4,0.0,1.0,0.25,1.0,ZScore_RawERK
conv-26_qa_112,conv-26,4,1.0,1.0,1.0,1.0,ZScore_RawERK
conv-26_qa_113,conv-26,4,1.0,1.0,1.0,1.0,ZScore_RawERK
conv-26_qa_114,conv-26,4,1.0,1.0,1.0,1.0,ZScore_RawERK
conv-26_qa_115,conv-26,4,1.0,1.0,1.0,1.0,ZScore_RawERK
conv-26_qa_116,conv-26,4,0.0,0.0,0.0,0.0,ZScore_RawERK
conv-26_qa_117,conv-26,4,1.0,1.0,1.0,1.0,ZScore_RawERK
conv-26_qa_118,conv-26,4,0.0,1.0,0.5,1.0,ZScore_RawERK
conv-26_qa_119,conv-26,4,0.0,1.0,0.25,1.0,ZScore_RawERK
conv-26_qa_12,conv-26,2,1.0,1.0,1.0,1.0,ZScore_RawERK
conv-26_qa_120,conv-26,4,1.0,1.0,1.0,1.0,ZScore_RawERK
conv-26_qa_121,conv-26,4,0.0,1.0,0.1,1.0,ZScore_RawERK
conv-26_qa_122,conv-26,4,0.0,1.0,0.16666666666666666,1.0,ZScore_RawERK
conv-26_qa_123,conv-26,4,0.0,1.0,0.16666666666666666,1.0,ZScore_RawERK
conv-26_qa_124,conv-26,4,0.0,0.0,0.0,0.0,ZScore_RawERK
conv-26_qa_125,conv-26,4,1.0,1.0,1.0,1.0,ZScore_RawERK
conv-26_qa_126,conv-26,4,1.0,1.0,1.0,1.0,ZScore_RawERK
conv-26_qa_127,conv-26,4,0.0,1.0,0.14285714285714285,1.0,ZScore_RawERK
conv-26_qa_128,conv-26,4,0.0,1.0,0.2,1.0,ZScore_RawERK
conv-26_qa_129,conv-26,4,1.0,1.0,1.0,1.0,ZScore_RawERK
conv-26_qa_13,conv-26,1,0.0,1.0,0.16666666666666666,1.0,ZScore_RawERK
conv-26_qa_130,conv-26,4,1.0,1.0,1.0,1.0,ZScore_RawERK
conv-26_qa_131,conv-26,4,1.0,1.0,1.0,1.0,ZScore_RawERK
conv-26_qa_132,conv-26,4,0.0,1.0,0.16666666666666666,1.0,ZScore_RawERK
conv-26_qa_133,conv-26,4,0.0,1.0,0.3333333333333333,1.0,ZScore_RawERK
conv-26_qa_134,conv-26,4,0.0,0.0,0.0,0.0,ZScore_RawERK
conv-26_qa_135,conv-26,4,1.0,1.0,1.0,1.0,ZScore_RawERK
conv-26_qa_136,conv-26,4,0.0,0.0,0.0,0.0,ZScore_RawERK
conv-26_qa_137,conv-26,4,0.0,0.0,0.0,0.0,ZScore_RawERK
conv-26_qa_138,conv-26,4,0.0,0.0,0.0,0.0,ZScore_RawERK
conv-26_qa_139,conv-26,4,0.0,0.0,0.0,0.0,ZScore_RawERK
conv-26_qa_14,conv-26,3,0.0,1.0,0.16666666666666666,1.0,ZScore_RawERK
conv-26_qa_140,conv-26,4,0.0,1.0,0.5,1.0,ZScore_RawERK
conv-26_qa_141,conv-26,4,0.0,1.0,0.5,1.0,ZScore_RawERK
conv-26_qa_142,conv-26,4,0.0,0.0,0.0,0.0,ZScore_RawERK
conv-26_qa_143,conv-26,4,1.0,1.0,1.0,1.0,ZScore_RawERK
conv-26_qa_144,conv-26,4,1.0,1.0,1.0,1.0,ZScore_RawERK
conv-26_qa_145,conv-26,4,1.0,1.0,1.0,1.0,ZScore_RawERK
conv-26_qa_146,conv-26,4,0.0,1.0,0.16666666666666666,1.0,ZScore_RawERK
conv-26_qa_147,conv-26,4,0.0,1.0,0.3333333333333333,1.0,ZScore_RawERK
conv-26_qa_148,conv-26,4,1.0,1.0,1.0,1.0,ZScore_RawERK
conv-26_qa_149,conv-26,4,0.0,0.0,0.0,0.0,ZScore_RawERK
conv-26_qa_15,conv-26,1,0.0,1.0,0.3333333333333333,1.0,ZScore_RawERK
conv-26_qa_150,conv-26,4,0.0,0.0,0.0,0.0,ZScore_RawERK
conv-26_qa_151,conv-26,4,1.0,1.0,1.0,1.0,ZScore_RawERK
conv-26_qa_16,conv-26,2,1.0,1.0,1.0,1.0,ZScore_RawERK
conv-26_qa_17,conv-26,2,1.0,1.0,1.0,1.0,ZScore_RawERK
conv-26_qa_18,conv-26,1,0.0,1.0,0.3333333333333333,1.0,ZScore_RawERK
conv-26_qa_19,conv-26,1,0.0,0.0,0.0,0.0,ZScore_RawERK
conv-26_qa_2,conv-26,3,1.0,1.0,1.0,1.0,ZScore_RawERK
conv-26_qa_20,conv-26,2,1.0,1.0,1.0,1.0,ZScore_RawERK
conv-26_qa_21,conv-26,2,0.0,1.0,0.16666666666666666,1.0,ZScore_RawERK
conv-26_qa_22,conv-26,3,1.0,1.0,1.0,1.0,ZScore_RawERK
conv-26_qa_23,conv-26,1,0.0,1.0,0.25,1.0,ZScore_RawERK
conv-26_qa_24,conv-26,1,0.0,1.0,0.2,1.0,ZScore_RawERK
conv-26_qa_25,conv-26,2,1.0,1.0,1.0,1.0,ZScore_RawERK
conv-26_qa_26,conv-26,2,1.0,1.0,1.0,1.0,ZScore_RawERK
conv-26_qa_27,conv-26,3,0.0,1.0,0.125,1.0,ZScore_RawERK
conv-26_qa_28,conv-26,2,1.0,1.0,1.0,1.0,ZScore_RawERK
conv-26_qa_29,conv-26,2,1.0,1.0,1.0,1.0,ZScore_RawERK
conv-26_qa_3,conv-26,1,0.0,1.0,0.3333333333333333,1.0,ZScore_RawERK
conv-26_qa_30,conv-26,3,0.0,0.0,0.0,0.0,ZScore_RawERK
conv-26_qa_31,conv-26,2,0.0,0.0,0.0,0.0,ZScore_RawERK
conv-26_qa_32,conv-26,1,1.0,1.0,1.0,1.0,ZScore_RawERK
conv-26_qa_33,conv-26,2,1.0,1.0,1.0,1.0,ZScore_RawERK
conv-26_qa_34,conv-26,1,0.0,1.0,0.1111111111111111,1.0,ZScore_RawERK
conv-26_qa_35,conv-26,2,0.0,1.0,0.16666666666666666,1.0,ZScore_RawERK
conv-26_qa_36,conv-26,2,1.0,1.0,1.0,1.0,ZScore_RawERK
conv-26_qa_37,conv-26,1,0.0,0.0,0.0,0.0,ZScore_RawERK
conv-26_qa_38,conv-26,1,0.0,0.0,0.0,0.0,ZScore_RawERK
conv-26_qa_39,conv-26,1,0.0,1.0,0.3333333333333333,1.0,ZScore_RawERK
conv-26_qa_4,conv-26,1,0.0,0.0,0.0,0.0,ZScore_RawERK
conv-26_qa_40,conv-26,1,0.0,1.0,0.5,1.0,ZScore_RawERK
conv-26_qa_41,conv-26,2,1.0,1.0,1.0,1.0,ZScore_RawERK
conv-26_qa_42,conv-26,3,0.0,0.0,0.0,0.0,ZScore_RawERK
conv-26_qa_43,conv-26,1,0.0,1.0,0.16666666666666666,1.0,ZScore_RawERK
conv-26_qa_44,conv-26,2,1.0,1.0,1.0,1.0,ZScore_RawERK
conv-26_qa_45,conv-26,2,0.0,1.0,0.5,1.0,ZScore_RawERK
conv-26_qa_46,conv-26,3,0.0,0.0,0.0,0.0,ZScore_RawERK
conv-26_qa_47,conv-26,1,0.0,0.0,0.0,0.0,ZScore_RawERK
conv-26_qa_48,conv-26,1,0.0,1.0,0.3333333333333333,1.0,ZScore_RawERK
conv-26_qa_49,conv-26,2,1.0,1.0,1.0,1.0,ZScore_RawERK
conv-26_qa_5,conv-26,2,1.0,1.0,1.0,1.0,ZScore_RawERK
conv-26_qa_50,conv-26,3,0.0,0.0,0.0,0.0,ZScore_RawERK
conv-26_qa_51,conv-26,1,0.0,1.0,0.1,1.0,ZScore_RawERK
conv-26_qa_52,conv-26,1,0.0,1.0,0.3333333333333333,1.0,ZScore_RawERK
conv-26_qa_53,conv-26,2,0.0,1.0,0.5,1.0,ZScore_RawERK
conv-26_qa_54,conv-26,2,1.0,1.0,1.0,1.0,ZScore_RawERK
conv-26_qa_55,conv-26,1,0.0,0.0,0.0,0.0,ZScore_RawERK
conv-26_qa_56,conv-26,1,0.0,1.0,0.5,1.0,ZScore_RawERK
conv-26_qa_57,conv-26,2,0.0,1.0,0.3333333333333333,1.0,ZScore_RawERK
conv-26_qa_58,conv-26,2,1.0,1.0,1.0,1.0,ZScore_RawERK
conv-26_qa_59,conv-26,3,1.0,1.0,1.0,1.0,ZScore_RawERK
conv-26_qa_6,conv-26,2,1.0,1.0,1.0,1.0,ZScore_RawERK
conv-26_qa_60,conv-26,1,0.0,1.0,0.5,1.0,ZScore_RawERK
conv-26_qa_61,conv-26,1,0.0,0.0,0.0,0.0,ZScore_RawERK
conv-26_qa_62,conv-26,2,1.0,1.0,1.0,1.0,ZScore_RawERK
conv-26_qa_63,conv-26,2,1.0,1.0,1.0,1.0,ZScore_RawERK
conv-26_qa_64,conv-26,3,1.0,1.0,1.0,1.0,ZScore_RawERK
conv-26_qa_65,conv-26,1,0.0,1.0,0.3333333333333333,1.0,ZScore_RawERK
conv-26_qa_66,conv-26,1,1.0,1.0,1.0,1.0,ZScore_RawERK
conv-26_qa_67,conv-26,2,1.0,1.0,1.0,1.0,ZScore_RawERK
conv-26_qa_68,conv-26,2,0.0,1.0,0.25,1.0,ZScore_RawERK
conv-26_qa_69,conv-26,3,0.0,0.0,0.0,0.0,ZScore_RawERK
conv-26_qa_7,conv-26,1,0.0,1.0,0.25,1.0,ZScore_RawERK
conv-26_qa_70,conv-26,1,1.0,1.0,1.0,1.0,ZScore_RawERK
conv-26_qa_71,conv-26,1,0.0,1.0,0.3333333333333333,1.0,ZScore_RawERK
conv-26_qa_72,conv-26,2,1.0,1.0,1.0,1.0,ZScore_RawERK
conv-26_qa_73,conv-26,2,0.0,1.0,0.16666666666666666,1.0,ZScore_RawERK
conv-26_qa_74,conv-26,2,1.0,1.0,1.0,1.0,ZScore_RawERK
conv-26_qa_75,conv-26,1,0.0,0.0,0.0,0.0,ZScore_RawERK
conv-26_qa_76,conv-26,1,0.0,1.0,0.25,1.0,ZScore_RawERK
conv-26_qa_77,conv-26,3,1.0,1.0,1.0,1.0,ZScore_RawERK
conv-26_qa_78,conv-26,1,0.0,1.0,0.3333333333333333,1.0,ZScore_RawERK
conv-26_qa_79,conv-26,2,1.0,1.0,1.0,1.0,ZScore_RawERK
conv-26_qa_8,conv-26,2,1.0,1.0,1.0,1.0,ZScore_RawERK
conv-26_qa_80,conv-26,2,1.0,1.0,1.0,1.0,ZScore_RawERK
conv-26_qa_81,conv-26,3,0.0,0.0,0.0,0.0,ZScore_RawERK
conv-26_qa_82,conv-26,4,1.0,1.0,1.0,1.0,ZScore_RawERK
conv-26_qa_83,conv-26,4,0.0,1.0,0.3333333333333333,1.0,ZScore_RawERK
conv-26_qa_84,conv-26,4,0.0,0.0,0.0,0.0,ZScore_RawERK
conv-26_qa_85,conv-26,4,0.0,0.0,0.0,0.0,ZScore_RawERK
conv-26_qa_86,conv-26,4,1.0,1.0,1.0,1.0,ZScore_RawERK
conv-26_qa_87,conv-26,4,1.0,1.0,1.0,1.0,ZScore_RawERK
conv-26_qa_88,conv-26,4,0.0,0.0,0.0,0.0,ZScore_RawERK
conv-26_qa_89,conv-26,4,0.0,0.0,0.0,0.0,ZScore_RawERK
conv-26_qa_9,conv-26,2,1.0,1.0,1.0,1.0,ZScore_RawERK
conv-26_qa_90,conv-26,4,0.0,0.0,0.0,0.0,ZScore_RawERK
conv-26_qa_91,conv-26,4,1.0,1.0,1.0,1.0,ZScore_RawERK
conv-26_qa_92,conv-26,4,1.0,1.0,1.0,1.0,ZScore_RawERK
conv-26_qa_93,conv-26,4,1.0,1.0,1.0,1.0,ZScore_RawERK
conv-26_qa_94,conv-26,4,1.0,1.0,1.0,1.0,ZScore_RawERK
conv-26_qa_95,conv-26,4,0.0,1.0,0.25,1.0,ZScore_RawERK
conv-26_qa_96,conv-26,4,0.0,1.0,0.14285714285714285,1.0,ZScore_RawERK
conv-26_qa_97,conv-26,4,0.0,1.0,0.5,1.0,ZScore_RawERK
conv-26_qa_98,conv-26,4,1.0,1.0,1.0,1.0,ZScore_RawERK
conv-26_qa_99,conv-26,4,0.0,1.0,0.25,1.0,ZScore_RawERK
conv-30_qa_0,conv-30,2,1.0,1.0,1.0,1.0,ZScore_RawERK
conv-30_qa_1,conv-30,2,1.0,1.0,1.0,1.0,ZScore_RawERK
conv-30_qa_10,conv-30,2,0.0,1.0,0.5,1.0,ZScore_RawERK
conv-30_qa_11,conv-30,2,1.0,1.0,1.0,1.0,ZScore_RawERK
conv-30_qa_12,conv-30,2,1.0,1.0,1.0,1.0,ZScore_RawERK
conv-30_qa_13,conv-30,2,0.0,1.0,0.5,1.0,ZScore_RawERK
conv-30_qa_14,conv-30,2,1.0,1.0,1.0,1.0,ZScore_RawERK
conv-30_qa_15,conv-30,2,1.0,1.0,1.0,1.0,ZScore_RawERK
conv-30_qa_16,conv-30,2,0.0,0.0,0.0,0.0,ZScore_RawERK
conv-30_qa_17,conv-30,1,0.0,0.0,0.0,0.0,ZScore_RawERK
conv-30_qa_18,conv-30,1,0.0,0.0,0.0,0.0,ZScore_RawERK
conv-30_qa_19,conv-30,2,1.0,1.0,1.0,1.0,ZScore_RawERK
conv-30_qa_2,conv-30,4,0.0,0.0,0.0,0.0,ZScore_RawERK
conv-30_qa_20,conv-30,2,1.0,1.0,1.0,1.0,ZScore_RawERK
conv-30_qa_21,conv-30,2,1.0,1.0,1.0,1.0,ZScore_RawERK
conv-30_qa_22,conv-30,2,1.0,1.0,1.0,1.0,ZScore_RawERK
conv-30_qa_23,conv-30,1,0.0,0.0,0.0,0.0,ZScore_RawERK
conv-30_qa_24,conv-30,1,1.0,1.0,1.0,1.0,ZScore_RawERK
conv-30_qa_25,conv-30,1,0.0,1.0,0.3333333333333333,1.0,ZScore_RawERK
conv-30_qa_26,conv-30,2,1.0,1.0,1.0,1.0,ZScore_RawERK
conv-30_qa_27,conv-30,1,1.0,1.0,1.0,1.0,ZScore_RawERK
conv-30_qa_28,conv-30,2,1.0,1.0,1.0,1.0,ZScore_RawERK
conv-30_qa_29,conv-30,1,0.0,1.0,0.2,1.0,ZScore_RawERK
conv-30_qa_3,conv-30,1,0.0,0.0,0.0,0.0,ZScore_RawERK
conv-30_qa_30,conv-30,2,0.0,0.0,0.0,0.0,ZScore_RawERK
conv-30_qa_31,conv-30,1,0.0,0.0,0.0,0.0,ZScore_RawERK
conv-30_qa_32,conv-30,2,1.0,1.0,1.0,1.0,ZScore_RawERK
conv-30_qa_33,conv-30,2,0.0,1.0,0.5,1.0,ZScore_RawERK
conv-30_qa_34,conv-30,2,0.0,1.0,0.5,1.0,ZScore_RawERK
conv-30_qa_35,conv-30,2,1.0,1.0,1.0,1.0,ZScore_RawERK
conv-30_qa_36,conv-30,2,0.0,1.0,0.5,1.0,ZScore_RawERK
conv-30_qa_37,conv-30,2,1.0,1.0,1.0,1.0,ZScore_RawERK
conv-30_qa_38,conv-30,2,0.0,1.0,0.5,1.0,ZScore_RawERK
conv-30_qa_39,conv-30,4,0.0,1.0,0.5,1.0,ZScore_RawERK
conv-30_qa_4,conv-30,4,0.0,1.0,0.5,1.0,ZScore_RawERK
conv-30_qa_40,conv-30,4,1.0,1.0,1.0,1.0,ZScore_RawERK
conv-30_qa_41,conv-30,4,1.0,1.0,1.0,1.0,ZScore_RawERK
conv-30_qa_42,conv-30,4,0.0,1.0,0.2,1.0,ZScore_RawERK
conv-30_qa_43,conv-30,4,0.0,0.0,0.0,0.0,ZScore_RawERK
conv-30_qa_44,conv-30,4,0.0,0.0,0.0,0.0,ZScore_RawERK
conv-30_qa_45,conv-30,4,0.0,0.0,0.0,0.0,ZScore_RawERK
conv-30_qa_46,conv-30,4,1.0,1.0,1.0,1.0,ZScore_RawERK
conv-30_qa_47,conv-30,4,0.0,1.0,0.1,1.0,ZScore_RawERK
conv-30_qa_48,conv-30,4,1.0,1.0,1.0,1.0,ZScore_RawERK
conv-30_qa_49,conv-30,4,1.0,1.0,1.0,1.0,ZScore_RawERK
conv-30_qa_5,conv-30,1,1.0,1.0,1.0,1.0,ZScore_RawERK
conv-30_qa_50,conv-30,4,0.0,0.0,0.0,0.0,ZScore_RawERK
conv-30_qa_51,conv-30,4,1.0,1.0,1.0,1.0,ZScore_RawERK
conv-30_qa_52,conv-30,4,1.0,1.0,1.0,1.0,ZScore_RawERK
conv-30_qa_53,conv-30,4,1.0,1.0,1.0,1.0,ZScore_RawERK
conv-30_qa_54,conv-30,4,1.0,1.0,1.0,1.0,ZScore_RawERK
conv-30_qa_55,conv-30,4,1.0,1.0,1.0,1.0,ZScore_RawERK
conv-30_qa_56,conv-30,4,0.0,0.0,0.0,0.0,ZScore_RawERK
conv-30_qa_57,conv-30,4,0.0,0.0,0.0,0.0,ZScore_RawERK
conv-30_qa_58,conv-30,4,1.0,1.0,1.0,1.0,ZScore_RawERK
conv-30_qa_59,conv-30,4,0.0,1.0,0.5,1.0,ZScore_RawERK
conv-30_qa_6,conv-30,2,0.0,1.0,0.5,1.0,ZScore_RawERK
conv-30_qa_60,conv-30,4,0.0,0.0,0.0,0.0,ZScore_RawERK
conv-30_qa_61,conv-30,4,1.0,1.0,1.0,1.0,ZScore_RawERK
conv-30_qa_62,conv-30,4,1.0,1.0,1.0,1.0,ZScore_RawERK
conv-30_qa_63,conv-30,4,1.0,1.0,1.0,1.0,ZScore_RawERK
conv-30_qa_64,conv-30,4,0.0,1.0,0.3333333333333333,1.0,ZScore_RawERK
conv-30_qa_65,conv-30,4,1.0,1.0,1.0,1.0,ZScore_RawERK
conv-30_qa_66,conv-30,4,1.0,1.0,1.0,1.0,ZScore_RawERK
conv-30_qa_67,conv-30,4,0.0,1.0,0.5,1.0,ZScore_RawERK
conv-30_qa_68,conv-30,4,0.0,0.0,0.0,0.0,ZScore_RawERK
conv-30_qa_69,conv-30,4,1.0,1.0,1.0,1.0,ZScore_RawERK
conv-30_qa_7,conv-30,2,1.0,1.0,1.0,1.0,ZScore_RawERK
conv-30_qa_70,conv-30,4,0.0,1.0,0.3333333333333333,1.0,ZScore_RawERK
conv-30_qa_71,conv-30,4,0.0,1.0,0.2,1.0,ZScore_RawERK
conv-30_qa_72,conv-30,4,0.0,0.0,0.0,0.0,ZScore_RawERK
conv-30_qa_73,conv-30,4,1.0,1.0,1.0,1.0,ZScore_RawERK
conv-30_qa_74,conv-30,4,0.0,0.0,0.0,0.0,ZScore_RawERK
conv-30_qa_75,conv-30,4,0.0,0.0,0.0,0.0,ZScore_RawERK
conv-30_qa_76,conv-30,4,1.0,1.0,1.0,1.0,ZScore_RawERK
conv-30_qa_77,conv-30,4,1.0,1.0,1.0,1.0,ZScore_RawERK
conv-30_qa_78,conv-30,4,1.0,1.0,1.0,1.0,ZScore_RawERK
conv-30_qa_8,conv-30,2,0.0,1.0,0.5,1.0,ZScore_RawERK
conv-30_qa_80,conv-30,4,0.0,1.0,0.1,1.0,ZScore_RawERK
conv-30_qa_81,conv-30,4,0.0,0.0,0.0,0.0,ZScore_RawERK
conv-30_qa_9,conv-30,1,1.0,1.0,1.0,1.0,ZScore_RawERK
conv-41_qa_0,conv-41,2,1.0,1.0,1.0,1.0,ZScore_RawERK
conv-41_qa_1,conv-41,2,1.0,1.0,1.0,1.0,ZScore_RawERK
conv-41_qa_10,conv-41,2,0.0,0.0,0.0,0.0,ZScore_RawERK
conv-41_qa_100,conv-41,4,1.0,1.0,1.0,1.0,ZScore_RawERK
conv-41_qa_101,conv-41,4,0.0,1.0,0.5,1.0,ZScore_RawERK
conv-41_qa_102,conv-41,4,1.0,1.0,1.0,1.0,ZScore_RawERK
conv-41_qa_103,conv-41,4,1.0,1.0,1.0,1.0,ZScore_RawERK
conv-41_qa_104,conv-41,4,1.0,1.0,1.0,1.0,ZScore_RawERK
conv-41_qa_105,conv-41,4,0.0,0.0,0.0,0.0,ZScore_RawERK
conv-41_qa_106,conv-41,4,1.0,1.0,1.0,1.0,ZScore_RawERK
conv-41_qa_107,conv-41,4,0.0,0.0,0.0,0.0,ZScore_RawERK
conv-41_qa_108,conv-41,4,0.0,1.0,0.2,1.0,ZScore_RawERK
conv-41_qa_109,conv-41,4,1.0,1.0,1.0,1.0,ZScore_RawERK
conv-41_qa_11,conv-41,1,0.0,0.0,0.0,0.0,ZScore_RawERK
conv-41_qa_110,conv-41,4,0.0,1.0,0.2,1.0,ZScore_RawERK
conv-41_qa_111,conv-41,4,1.0,1.0,1.0,1.0,ZScore_RawERK
conv-41_qa_112,conv-41,4,0.0,1.0,0.25,1.0,ZScore_RawERK
conv-41_qa_113,conv-41,4,0.0,1.0,0.5,1.0,ZScore_RawERK
conv-41_qa_114,conv-41,4,0.0,1.0,0.125,1.0,ZScore_RawERK
conv-41_qa_115,conv-41,4,0.0,1.0,0.14285714285714285,1.0,ZScore_RawERK
conv-41_qa_116,conv-41,4,0.0,1.0,0.5,1.0,ZScore_RawERK
conv-41_qa_117,conv-41,4,1.0,1.0,1.0,1.0,ZScore_RawERK
conv-41_qa_118,conv-41,4,0.0,0.0,0.0,0.0,ZScore_RawERK
conv-41_qa_119,conv-41,4,0.0,1.0,0.3333333333333333,1.0,ZScore_RawERK
conv-41_qa_12,conv-41,1,1.0,1.0,1.0,1.0,ZScore_RawERK
conv-41_qa_120,conv-41,4,1.0,1.0,1.0,1.0,ZScore_RawERK
conv-41_qa_121,conv-41,4,1.0,1.0,1.0,1.0,ZScore_RawERK
conv-41_qa_122,conv-41,4,0.0,0.0,0.0,0.0,ZScore_RawERK
conv-41_qa_123,conv-41,4,0.0,1.0,0.14285714285714285,1.0,ZScore_RawERK
conv-41_qa_124,conv-41,4,0.0,1.0,0.2,1.0,ZScore_RawERK
conv-41_qa_125,conv-41,4,0.0,1.0,0.3333333333333333,1.0,ZScore_RawERK
conv-41_qa_126,conv-41,4,1.0,1.0,1.0,1.0,ZScore_RawERK
conv-41_qa_127,conv-41,4,0.0,1.0,0.5,1.0,ZScore_RawERK
conv-41_qa_128,conv-41,4,0.0,1.0,0.5,1.0,ZScore_RawERK
conv-41_qa_129,conv-41,4,1.0,1.0,1.0,1.0,ZScore_RawERK
conv-41_qa_13,conv-41,2,1.0,1.0,1.0,1.0,ZScore_RawERK
conv-41_qa_130,conv-41,4,0.0,1.0,0.16666666666666666,1.0,ZScore_RawERK
conv-41_qa_131,conv-41,4,0.0,0.0,0.0,0.0,ZScore_RawERK
conv-41_qa_132,conv-41,4,0.0,1.0,0.5,1.0,ZScore_RawERK
conv-41_qa_133,conv-41,4,1.0,1.0,1.0,1.0,ZScore_RawERK
conv-41_qa_134,conv-41,4,0.0,0.0,0.0,0.0,ZScore_RawERK
conv-41_qa_135,conv-41,4,1.0,1.0,1.0,1.0,ZScore_RawERK
conv-41_qa_136,conv-41,4,0.0,0.0,0.0,0.0,ZScore_RawERK
conv-41_qa_137,conv-41,4,1.0,1.0,1.0,1.0,ZScore_RawERK
conv-41_qa_138,conv-41,4,0.0,1.0,0.5,1.0,ZScore_RawERK
conv-41_qa_139,conv-41,4,1.0,1.0,1.0,1.0,ZScore_RawERK
conv-41_qa_14,conv-41,3,0.0,1.0,0.1111111111111111,1.0,ZScore_RawERK
conv-41_qa_140,conv-41,4,1.0,1.0,1.0,1.0,ZScore_RawERK
conv-41_qa_141,conv-41,4,1.0,1.0,1.0,1.0,ZScore_RawERK
conv-41_qa_142,conv-41,4,0.0,1.0,0.25,1.0,ZScore_RawERK
conv-41_qa_143,conv-41,4,1.0,1.0,1.0,1.0,ZScore_RawERK
conv-41_qa_144,conv-41,4,1.0,1.0,1.0,1.0,ZScore_RawERK
conv-41_qa_145,conv-41,4,1.0,1.0,1.0,1.0,ZScore_RawERK
conv-41_qa_146,conv-41,4,1.0,1.0,1.0,1.0,ZScore_RawERK
conv-41_qa_147,conv-41,4,0.0,1.0,0.25,1.0,ZScore_RawERK
conv-41_qa_148,conv-41,4,0.0,1.0,0.1,1.0,ZScore_RawERK
conv-41_qa_149,conv-41,4,0.0,1.0,0.1111111111111111,1.0,ZScore_RawERK
conv-41_qa_15,conv-41,1,0.0,1.0,0.5,1.0,ZScore_RawERK
conv-41_qa_150,conv-41,4,0.0,0.0,0.0,0.0,ZScore_RawERK
conv-41_qa_151,conv-41,4,0.0,1.0,0.5,1.0,ZScore_RawERK
conv-41_qa_16,conv-41,2,0.0,0.0,0.0,0.0,ZScore_RawERK
conv-41_qa_17,conv-41,3,1.0,1.0,1.0,1.0,ZScore_RawERK
conv-41_qa_18,conv-41,1,0.0,1.0,0.5,1.0,ZScore_RawERK
conv-41_qa_19,conv-41,1,1.0,1.0,1.0,1.0,ZScore_RawERK
conv-41_qa_2,conv-41,1,0.0,1.0,0.25,1.0,ZScore_RawERK
conv-41_qa_20,conv-41,2,1.0,1.0,1.0,1.0,ZScore_RawERK
conv-41_qa_21,conv-41,1,1.0,1.0,1.0,1.0,ZScore_RawERK
conv-41_qa_22,conv-41,2,1.0,1.0,1.0,1.0,ZScore_RawERK
conv-41_qa_23,conv-41,1,1.0,1.0,1.0,1.0,ZScore_RawERK
conv-41_qa_24,conv-41,2,1.0,1.0,1.0,1.0,ZScore_RawERK
conv-41_qa_25,conv-41,1,1.0,1.0,1.0,1.0,ZScore_RawERK
conv-41_qa_26,conv-41,1,1.0,1.0,1.0,1.0,ZScore_RawERK
conv-41_qa_27,conv-41,2,0.0,0.0,0.0,0.0,ZScore_RawERK
conv-41_qa_28,conv-41,1,0.0,1.0,0.3333333333333333,1.0,ZScore_RawERK
conv-41_qa_29,conv-41,1,1.0,1.0,1.0,1.0,ZScore_RawERK
conv-41_qa_3,conv-41,1,0.0,0.0,0.0,0.0,ZScore_RawERK
conv-41_qa_30,conv-41,1,0.0,1.0,0.125,1.0,ZScore_RawERK
conv-41_qa_31,conv-41,2,0.0,1.0,0.25,1.0,ZScore_RawERK
conv-41_qa_32,conv-41,1,0.0,0.0,0.0,0.0,ZScore_RawERK
conv-41_qa_33,conv-41,1,0.0,1.0,0.5,1.0,ZScore_RawERK
conv-41_qa_34,conv-41,2,1.0,1.0,1.0,1.0,ZScore_RawERK
conv-41_qa_35,conv-41,1,0.0,1.0,0.3333333333333333,1.0,ZScore_RawERK
conv-41_qa_36,conv-41,1,1.0,1.0,1.0,1.0,ZScore_RawERK
conv-41_qa_37,conv-41,1,1.0,1.0,1.0,1.0,ZScore_RawERK
conv-41_qa_38,conv-41,2,0.0,0.0,0.0,0.0,ZScore_RawERK
conv-41_qa_39,conv-41,3,0.0,0.0,0.0,0.0,ZScore_RawERK
conv-41_qa_4,conv-41,2,1.0,1.0,1.0,1.0,ZScore_RawERK
conv-41_qa_40,conv-41,1,0.0,1.0,0.1111111111111111,1.0,ZScore_RawERK
conv-41_qa_41,conv-41,3,0.0,0.0,0.0,0.0,ZScore_RawERK
conv-41_qa_42,conv-41,1,1.0,1.0,1.0,1.0,ZScore_RawERK
conv-41_qa_43,conv-41,2,1.0,1.0,1.0,1.0,ZScore_RawERK
conv-41_qa_44,conv-41,1,1.0,1.0,1.0,1.0,ZScore_RawERK
conv-41_qa_45,conv-41,3,0.0,0.0,0.0,0.0,ZScore_RawERK
conv-41_qa_46,conv-41,2,1.0,1.0,1.0,1.0,ZScore_RawERK
conv-41_qa_47,conv-41,1,1.0,1.0,1.0,1.0,ZScore_RawERK
conv-41_qa_48,conv-41,2,0.0,1.0,0.2,1.0,ZScore_RawERK
conv-41_qa_49,conv-41,1,0.0,1.0,0.5,1.0,ZScore_RawERK
conv-41_qa_5,conv-41,2,0.0,0.0,0.0,0.0,ZScore_RawERK
conv-41_qa_50,conv-41,3,0.0,0.0,0.0,0.0,ZScore_RawERK
conv-41_qa_51,conv-41,2,0.0,1.0,0.5,1.0,ZScore_RawERK
conv-41_qa_52,conv-41,1,1.0,1.0,1.0,1.0,ZScore_RawERK
conv-41_qa_53,conv-41,2,1.0,1.0,1.0,1.0,ZScore_RawERK
conv-41_qa_54,conv-41,2,0.0,1.0,0.5,1.0,ZScore_RawERK
conv-41_qa_55,conv-41,2,1.0,1.0,1.0,1.0,ZScore_RawERK
conv-41_qa_56,conv-41,2,1.0,1.0,1.0,1.0,ZScore_RawERK
conv-41_qa_57,conv-41,1,0.0,1.0,0.5,1.0,ZScore_RawERK
conv-41_qa_58,conv-41,2,0.0,1.0,0.5,1.0,ZScore_RawERK
conv-41_qa_59,conv-41,2,1.0,1.0,1.0,1.0,ZScore_RawERK
conv-41_qa_6,conv-41,1,0.0,1.0,0.2,1.0,ZScore_RawERK
conv-41_qa_60,conv-41,1,0.0,1.0,0.5,1.0,ZScore_RawERK
conv-41_qa_61,conv-41,2,0.0,1.0,0.5,1.0,ZScore_RawERK
conv-41_qa_62,conv-41,1,0.0,1.0,0.5,1.0,ZScore_RawERK
conv-41_qa_63,conv-41,2,1.0,1.0,1.0,1.0,ZScore_RawERK
conv-41_qa_64,conv-41,3,0.0,0.0,0.0,0.0,ZScore_RawERK
conv-41_qa_65,conv-41,4,1.0,1.0,1.0,1.0,ZScore_RawERK
conv-41_qa_66,conv-41,4,0.0,1.0,0.14285714285714285,1.0,ZScore_RawERK
conv-41_qa_67,conv-41,4,0.0,0.0,0.0,0.0,ZScore_RawERK
conv-41_qa_68,conv-41,4,1.0,1.0,1.0,1.0,ZScore_RawERK
conv-41_qa_69,conv-41,4,0.0,1.0,0.5,1.0,ZScore_RawERK
conv-41_qa_7,conv-41,1,0.0,1.0,0.14285714285714285,1.0,ZScore_RawERK
conv-41_qa_70,conv-41,4,0.0,1.0,0.3333333333333333,1.0,ZScore_RawERK
conv-41_qa_71,conv-41,4,1.0,1.0,1.0,1.0,ZScore_RawERK
conv-41_qa_72,conv-41,4,0.0,1.0,0.5,1.0,ZScore_RawERK
conv-41_qa_73,conv-41,4,1.0,1.0,1.0,1.0,ZScore_RawERK
conv-41_qa_74,conv-41,4,0.0,1.0,0.25,1.0,ZScore_RawERK
conv-41_qa_75,conv-41,4,0.0,0.0,0.0,0.0,ZScore_RawERK
conv-41_qa_76,conv-41,4,0.0,1.0,0.2,1.0,ZScore_RawERK
conv-41_qa_77,conv-41,4,1.0,1.0,1.0,1.0,ZScore_RawERK
conv-41_qa_78,conv-41,4,1.0,1.0,1.0,1.0,ZScore_RawERK
conv-41_qa_79,conv-41,4,0.0,1.0,0.5,1.0,ZScore_RawERK
conv-41_qa_8,conv-41,3,0.0,1.0,0.5,1.0,ZScore_RawERK
conv-41_qa_80,conv-41,4,1.0,1.0,1.0,1.0,ZScore_RawERK
conv-41_qa_81,conv-41,4,1.0,1.0,1.0,1.0,ZScore_RawERK
conv-41_qa_82,conv-41,4,0.0,0.0,0.0,0.0,ZScore_RawERK
conv-41_qa_83,conv-41,4,0.0,1.0,0.2,1.0,ZScore_RawERK
conv-41_qa_84,conv-41,4,0.0,1.0,0.5,1.0,ZScore_RawERK
conv-41_qa_85,conv-41,4,0.0,1.0,0.3333333333333333,1.0,ZScore_RawERK
conv-41_qa_86,conv-41,4,0.0,1.0,0.5,1.0,ZScore_RawERK
conv-41_qa_87,conv-41,4,0.0,1.0,0.25,1.0,ZScore_RawERK
conv-41_qa_88,conv-41,4,0.0,1.0,0.3333333333333333,1.0,ZScore_RawERK
conv-41_qa_89,conv-41,4,0.0,1.0,0.5,1.0,ZScore_RawERK
conv-41_qa_9,conv-41,1,1.0,1.0,1.0,1.0,ZScore_RawERK
conv-41_qa_90,conv-41,4,0.0,0.0,0.0,0.0,ZScore_RawERK
conv-41_qa_91,conv-41,2,1.0,1.0,1.0,1.0,ZScore_RawERK
conv-41_qa_92,conv-41,4,0.0,0.0,0.0,0.0,ZScore_RawERK
conv-41_qa_93,conv-41,4,0.0,1.0,0.25,1.0,ZScore_RawERK
conv-41_qa_94,conv-41,4,0.0,1.0,0.1,1.0,ZScore_RawERK
conv-41_qa_95,conv-41,4,0.0,1.0,0.14285714285714285,1.0,ZScore_RawERK
conv-41_qa_96,conv-41,4,1.0,1.0,1.0,1.0,ZScore_RawERK
conv-41_qa_97,conv-41,4,1.0,1.0,1.0,1.0,ZScore_RawERK
conv-41_qa_98,conv-41,4,0.0,1.0,0.1111111111111111,1.0,ZScore_RawERK
conv-41_qa_99,conv-41,4,1.0,1.0,1.0,1.0,ZScore_RawERK
conv-43_qa_0,conv-43,1,1.0,1.0,1.0,1.0,ZScore_RawERK
conv-43_qa_1,conv-43,1,1.0,1.0,1.0,1.0,ZScore_RawERK
conv-43_qa_10,conv-43,2,1.0,1.0,1.0,1.0,ZScore_RawERK
conv-43_qa_100,conv-43,4,1.0,1.0,1.0,1.0,ZScore_RawERK
conv-43_qa_101,conv-43,4,1.0,1.0,1.0,1.0,ZScore_RawERK
conv-43_qa_102,conv-43,4,0.0,1.0,0.3333333333333333,1.0,ZScore_RawERK
conv-43_qa_103,conv-43,4,1.0,1.0,1.0,1.0,ZScore_RawERK
conv-43_qa_104,conv-43,4,1.0,1.0,1.0,1.0,ZScore_RawERK
conv-43_qa_105,conv-43,4,0.0,1.0,0.3333333333333333,1.0,ZScore_RawERK
conv-43_qa_106,conv-43,4,1.0,1.0,1.0,1.0,ZScore_RawERK
conv-43_qa_107,conv-43,4,0.0,0.0,0.0,0.0,ZScore_RawERK
conv-43_qa_108,conv-43,4,0.0,0.0,0.0,0.0,ZScore_RawERK
conv-43_qa_109,conv-43,4,1.0,1.0,1.0,1.0,ZScore_RawERK
conv-43_qa_11,conv-43,1,0.0,0.0,0.0,0.0,ZScore_RawERK
conv-43_qa_110,conv-43,4,0.0,1.0,0.16666666666666666,1.0,ZScore_RawERK
conv-43_qa_111,conv-43,4,0.0,1.0,0.5,1.0,ZScore_RawERK
conv-43_qa_112,conv-43,4,1.0,1.0,1.0,1.0,ZScore_RawERK
conv-43_qa_113,conv-43,4,0.0,0.0,0.0,0.0,ZScore_RawERK
conv-43_qa_114,conv-43,4,0.0,1.0,0.16666666666666666,1.0,ZScore_RawERK
conv-43_qa_115,conv-43,4,1.0,1.0,1.0,1.0,ZScore_RawERK
conv-43_qa_116,conv-43,4,1.0,1.0,1.0,1.0,ZScore_RawERK
conv-43_qa_117,conv-43,4,0.0,1.0,0.3333333333333333,1.0,ZScore_RawERK
conv-43_qa_118,conv-43,4,0.0,1.0,0.5,1.0,ZScore_RawERK
conv-43_qa_119,conv-43,4,0.0,1.0,0.16666666666666666,1.0,ZScore_RawERK
conv-43_qa_12,conv-43,2,1.0,1.0,1.0,1.0,ZScore_RawERK
conv-43_qa_120,conv-43,4,0.0,1.0,0.25,1.0,ZScore_RawERK
conv-43_qa_121,conv-43,4,0.0,1.0,0.5,1.0,ZScore_RawERK
conv-43_qa_122,conv-43,4,0.0,1.0,0.16666666666666666,1.0,ZScore_RawERK
conv-43_qa_123,conv-43,4,0.0,1.0,0.25,1.0,ZScore_RawERK
conv-43_qa_124,conv-43,4,0.0,0.0,0.0,0.0,ZScore_RawERK
conv-43_qa_125,conv-43,4,0.0,1.0,0.5,1.0,ZScore_RawERK
conv-43_qa_126,conv-43,4,1.0,1.0,1.0,1.0,ZScore_RawERK
conv-43_qa_127,conv-43,4,1.0,1.0,1.0,1.0,ZScore_RawERK
conv-43_qa_128,conv-43,4,0.0,1.0,0.3333333333333333,1.0,ZScore_RawERK
conv-43_qa_129,conv-43,4,0.0,0.0,0.0,0.0,ZScore_RawERK
conv-43_qa_13,conv-43,1,0.0,1.0,0.5,1.0,ZScore_RawERK
conv-43_qa_130,conv-43,4,1.0,1.0,1.0,1.0,ZScore_RawERK
conv-43_qa_131,conv-43,4,1.0,1.0,1.0,1.0,ZScore_RawERK
conv-43_qa_132,conv-43,4,1.0,1.0,1.0,1.0,ZScore_RawERK
conv-43_qa_133,conv-43,4,1.0,1.0,1.0,1.0,ZScore_RawERK
conv-43_qa_134,conv-43,4,0.0,1.0,0.3333333333333333,1.0,ZScore_RawERK
conv-43_qa_135,conv-43,4,0.0,1.0,0.5,1.0,ZScore_RawERK
conv-43_qa_136,conv-43,4,0.0,0.0,0.0,0.0,ZScore_RawERK
conv-43_qa_137,conv-43,4,1.0,1.0,1.0,1.0,ZScore_RawERK
conv-43_qa_138,conv-43,4,1.0,1.0,1.0,1.0,ZScore_RawERK
conv-43_qa_139,conv-43,4,1.0,1.0,1.0,1.0,ZScore_RawERK
conv-43_qa_14,conv-43,1,1.0,1.0,1.0,1.0,ZScore_RawERK
conv-43_qa_140,conv-43,4,1.0,1.0,1.0,1.0,ZScore_RawERK
conv-43_qa_141,conv-43,4,1.0,1.0,1.0,1.0,ZScore_RawERK
conv-43_qa_142,conv-43,4,1.0,1.0,1.0,1.0,ZScore_RawERK
conv-43_qa_143,conv-43,4,1.0,1.0,1.0,1.0,ZScore_RawERK
conv-43_qa_144,conv-43,4,0.0,1.0,0.25,1.0,ZScore_RawERK
conv-43_qa_145,conv-43,4,1.0,1.0,1.0,1.0,ZScore_RawERK
conv-43_qa_146,conv-43,4,1.0,1.0,1.0,1.0,ZScore_RawERK
conv-43_qa_147,conv-43,4,1.0,1.0,1.0,1.0,ZScore_RawERK
conv-43_qa_148,conv-43,4,0.0,1.0,0.2,1.0,ZScore_RawERK
conv-43_qa_149,conv-43,4,0.0,1.0,0.3333333333333333,1.0,ZScore_RawERK
conv-43_qa_15,conv-43,3,1.0,1.0,1.0,1.0,ZScore_RawERK
conv-43_qa_150,conv-43,4,1.0,1.0,1.0,1.0,ZScore_RawERK
conv-43_qa_151,conv-43,4,0.0,1.0,0.1111111111111111,1.0,ZScore_RawERK
conv-43_qa_152,conv-43,4,1.0,1.0,1.0,1.0,ZScore_RawERK
conv-43_qa_153,conv-43,4,1.0,1.0,1.0,1.0,ZScore_RawERK
conv-43_qa_154,conv-43,4,0.0,1.0,0.3333333333333333,1.0,ZScore_RawERK
conv-43_qa_155,conv-43,4,0.0,1.0,0.5,1.0,ZScore_RawERK
conv-43_qa_156,conv-43,4,1.0,1.0,1.0,1.0,ZScore_RawERK
conv-43_qa_157,conv-43,4,0.0,1.0,0.5,1.0,ZScore_RawERK
conv-43_qa_158,conv-43,4,0.0,1.0,0.5,1.0,ZScore_RawERK
conv-43_qa_159,conv-43,4,0.0,1.0,0.5,1.0,ZScore_RawERK
conv-43_qa_16,conv-43,2,1.0,1.0,1.0,1.0,ZScore_RawERK
conv-43_qa_160,conv-43,4,0.0,0.0,0.0,0.0,ZScore_RawERK
conv-43_qa_161,conv-43,4,0.0,1.0,0.5,1.0,ZScore_RawERK
conv-43_qa_162,conv-43,4,0.0,1.0,0.5,1.0,ZScore_RawERK
conv-43_qa_163,conv-43,4,0.0,1.0,0.25,1.0,ZScore_RawERK
conv-43_qa_164,conv-43,4,0.0,1.0,0.5,1.0,ZScore_RawERK
conv-43_qa_165,conv-43,4,1.0,1.0,1.0,1.0,ZScore_RawERK
conv-43_qa_166,conv-43,4,1.0,1.0,1.0,1.0,ZScore_RawERK
conv-43_qa_167,conv-43,4,1.0,1.0,1.0,1.0,ZScore_RawERK
conv-43_qa_168,conv-43,4,0.0,1.0,0.3333333333333333,1.0,ZScore_RawERK
conv-43_qa_169,conv-43,4,1.0,1.0,1.0,1.0,ZScore_RawERK
conv-43_qa_17,conv-43,1,0.0,1.0,0.3333333333333333,1.0,ZScore_RawERK
conv-43_qa_170,conv-43,4,1.0,1.0,1.0,1.0,ZScore_RawERK
conv-43_qa_171,conv-43,4,0.0,1.0,0.5,1.0,ZScore_RawERK
conv-43_qa_172,conv-43,4,1.0,1.0,1.0,1.0,ZScore_RawERK
conv-43_qa_173,conv-43,4,0.0,1.0,0.5,1.0,ZScore_RawERK
conv-43_qa_174,conv-43,4,0.0,1.0,0.125,1.0,ZScore_RawERK
conv-43_qa_175,conv-43,4,0.0,0.0,0.0,0.0,ZScore_RawERK
conv-43_qa_176,conv-43,4,0.0,1.0,0.25,1.0,ZScore_RawERK
conv-43_qa_177,conv-43,4,0.0,1.0,0.25,1.0,ZScore_RawERK
conv-43_qa_18,conv-43,1,0.0,1.0,0.1111111111111111,1.0,ZScore_RawERK
conv-43_qa_19,conv-43,3,0.0,1.0,0.25,1.0,ZScore_RawERK
conv-43_qa_2,conv-43,1,1.0,1.0,1.0,1.0,ZScore_RawERK
conv-43_qa_20,conv-43,2,1.0,1.0,1.0,1.0,ZScore_RawERK
conv-43_qa_21,conv-43,1,0.0,1.0,0.14285714285714285,1.0,ZScore_RawERK
conv-43_qa_22,conv-43,2,0.0,1.0,0.5,1.0,ZScore_RawERK
conv-43_qa_23,conv-43,2,1.0,1.0,1.0,1.0,ZScore_RawERK
conv-43_qa_24,conv-43,2,0.0,0.0,0.0,0.0,ZScore_RawERK
conv-43_qa_25,conv-43,1,0.0,1.0,0.125,1.0,ZScore_RawERK
conv-43_qa_26,conv-43,1,0.0,1.0,0.5,1.0,ZScore_RawERK
conv-43_qa_27,conv-43,3,1.0,1.0,1.0,1.0,ZScore_RawERK
conv-43_qa_28,conv-43,3,1.0,1.0,1.0,1.0,ZScore_RawERK
conv-43_qa_29,conv-43,1,1.0,1.0,1.0,1.0,ZScore_RawERK
conv-43_qa_3,conv-43,3,0.0,0.0,0.0,0.0,ZScore_RawERK
conv-43_qa_30,conv-43,1,1.0,1.0,1.0,1.0,ZScore_RawERK
conv-43_qa_31,conv-43,2,0.0,1.0,0.3333333333333333,1.0,ZScore_RawERK
conv-43_qa_32,conv-43,3,0.0,1.0,0.16666666666666666,1.0,ZScore_RawERK
conv-43_qa_33,conv-43,2,1.0,1.0,1.0,1.0,ZScore_RawERK
conv-43_qa_34,conv-43,3,0.0,0.0,0.0,0.0,ZScore_RawERK
conv-43_qa_35,conv-43,1,0.0,0.0,0.0,0.0,ZScore_RawERK
conv-43_qa_36,conv-43,1,0.0,0.0,0.0,0.0,ZScore_RawERK
conv-43_qa_37,conv-43,2,1.0,1.0,1.0,1.0,ZScore_RawERK
conv-43_qa_38,conv-43,1,0.0,0.0,0.0,0.0,ZScore_RawERK
conv-43_qa_39,conv-43,2,1.0,1.0,1.0,1.0,ZScore_RawERK
conv-43_qa_4,conv-43,1,0.0,0.0,0.0,0.0,ZScore_RawERK
conv-43_qa_40,conv-43,2,1.0,1.0,1.0,1.0,ZScore_RawERK
conv-43_qa_41,conv-43,1,0.0,0.0,0.0,0.0,ZScore_RawERK
conv-43_qa_42,conv-43,1,0.0,1.0,0.5,1.0,ZScore_RawERK
conv-43_qa_43,conv-43,1,1.0,1.0,1.0,1.0,ZScore_RawERK
conv-43_qa_44,conv-43,2,1.0,1.0,1.0,1.0,ZScore_RawERK
conv-43_qa_45,conv-43,2,0.0,0.0,0.0,0.0,ZScore_RawERK
conv-43_qa_46,conv-43,2,0.0,0.0,0.0,0.0,ZScore_RawERK
conv-43_qa_47,conv-43,2,0.0,1.0,0.2,1.0,ZScore_RawERK
conv-43_qa_48,conv-43,1,0.0,1.0,0.5,1.0,ZScore_RawERK
conv-43_qa_49,conv-43,1,1.0,1.0,1.0,1.0,ZScore_RawERK
conv-43_qa_5,conv-43,3,0.0,0.0,0.0,0.0,ZScore_RawERK
conv-43_qa_50,conv-43,1,0.0,1.0,0.125,1.0,ZScore_RawERK
conv-43_qa_51,conv-43,3,0.0,1.0,0.5,1.0,ZScore_RawERK
conv-43_qa_52,conv-43,1,0.0,1.0,0.5,1.0,ZScore_RawERK
conv-43_qa_53,conv-43,3,0.0,1.0,0.3333333333333333,1.0,ZScore_RawERK
conv-43_qa_54,conv-43,2,1.0,1.0,1.0,1.0,ZScore_RawERK
conv-43_qa_55,conv-43,2,1.0,1.0,1.0,1.0,ZScore_RawERK
conv-43_qa_56,conv-43,2,0.0,1.0,0.125,1.0,ZScore_RawERK
conv-43_qa_57,conv-43,1,1.0,1.0,1.0,1.0,ZScore_RawERK
conv-43_qa_58,conv-43,2,1.0,1.0,1.0,1.0,ZScore_RawERK
conv-43_qa_59,conv-43,1,0.0,1.0,0.16666666666666666,1.0,ZScore_RawERK
conv-43_qa_6,conv-43,2,1.0,1.0,1.0,1.0,ZScore_RawERK
conv-43_qa_60,conv-43,2,0.0,0.0,0.0,0.0,ZScore_RawERK
conv-43_qa_61,conv-43,1,0.0,1.0,0.3333333333333333,1.0,ZScore_RawERK
conv-43_qa_62,conv-43,1,0.0,0.0,0.0,0.0,ZScore_RawERK
conv-43_qa_63,conv-43,2,1.0,1.0,1.0,1.0,ZScore_RawERK
conv-43_qa_64,conv-43,2,0.0,1.0,0.3333333333333333,1.0,ZScore_RawERK
conv-43_qa_65,conv-43,1,0.0,1.0,0.3333333333333333,1.0,ZScore_RawERK
conv-43_qa_66,conv-43,3,1.0,1.0,1.0,1.0,ZScore_RawERK
conv-43_qa_67,conv-43,3,0.0,0.0,0.0,0.0,ZScore_RawERK
conv-43_qa_68,conv-43,2,1.0,1.0,1.0,1.0,ZScore_RawERK
conv-43_qa_69,conv-43,2,1.0,1.0,1.0,1.0,ZScore_RawERK
conv-43_qa_7,conv-43,1,0.0,0.0,0.0,0.0,ZScore_RawERK
conv-43_qa_70,conv-43,3,0.0,1.0,0.5,1.0,ZScore_RawERK
conv-43_qa_71,conv-43,4,0.0,1.0,0.3333333333333333,1.0,ZScore_RawERK
conv-43_qa_72,conv-43,4,0.0,1.0,0.25,1.0,ZScore_RawERK
conv-43_qa_73,conv-43,4,0.0,1.0,0.5,1.0,ZScore_RawERK
conv-43_qa_74,conv-43,4,1.0,1.0,1.0,1.0,ZScore_RawERK
conv-43_qa_75,conv-43,4,1.0,1.0,1.0,1.0,ZScore_RawERK
conv-43_qa_76,conv-43,4,0.0,1.0,0.5,1.0,ZScore_RawERK
conv-43_qa_77,conv-43,4,1.0,1.0,1.0,1.0,ZScore_RawERK
conv-43_qa_78,conv-43,4,1.0,1.0,1.0,1.0,ZScore_RawERK
conv-43_qa_79,conv-43,4,0.0,1.0,0.5,1.0,ZScore_RawERK
conv-43_qa_8,conv-43,3,1.0,1.0,1.0,1.0,ZScore_RawERK
conv-43_qa_80,conv-43,4,1.0,1.0,1.0,1.0,ZScore_RawERK
conv-43_qa_81,conv-43,4,0.0,1.0,0.5,1.0,ZScore_RawERK
conv-43_qa_82,conv-43,4,0.0,1.0,0.25,1.0,ZScore_RawERK
conv-43_qa_83,conv-43,4,0.0,1.0,0.25,1.0,ZScore_RawERK
conv-43_qa_84,conv-43,4,0.0,0.0,0.0,0.0,ZScore_RawERK
conv-43_qa_85,conv-43,4,1.0,1.0,1.0,1.0,ZScore_RawERK
conv-43_qa_86,conv-43,4,0.0,1.0,0.16666666666666666,1.0,ZScore_RawERK
conv-43_qa_87,conv-43,4,1.0,1.0,1.0,1.0,ZScore_RawERK
conv-43_qa_88,conv-43,4,0.0,1.0,0.3333333333333333,1.0,ZScore_RawERK
conv-43_qa_89,conv-43,4,1.0,1.0,1.0,1.0,ZScore_RawERK
conv-43_qa_9,conv-43,1,0.0,1.0,0.3333333333333333,1.0,ZScore_RawERK
conv-43_qa_90,conv-43,4,1.0,1.0,1.0,1.0,ZScore_RawERK
conv-43_qa_91,conv-43,4,1.0,1.0,1.0,1.0,ZScore_RawERK
conv-43_qa_92,conv-43,4,0.0,1.0,0.5,1.0,ZScore_RawERK
conv-43_qa_93,conv-43,4,0.0,1.0,0.3333333333333333,1.0,ZScore_RawERK
conv-43_qa_94,conv-43,4,1.0,1.0,1.0,1.0,ZScore_RawERK
conv-43_qa_95,conv-43,4,0.0,1.0,0.5,1.0,ZScore_RawERK
conv-43_qa_96,conv-43,4,1.0,1.0,1.0,1.0,ZScore_RawERK
conv-43_qa_97,conv-43,4,1.0,1.0,1.0,1.0,ZScore_RawERK
conv-43_qa_98,conv-43,4,0.0,1.0,0.3333333333333333,1.0,ZScore_RawERK
conv-43_qa_99,conv-43,4,1.0,1.0,1.0,1.0,ZScore_RawERK
conv-44_qa_0,conv-44,2,0.0,1.0,0.125,1.0,ZScore_RawERK
conv-44_qa_1,conv-44,2,1.0,1.0,1.0,1.0,ZScore_RawERK
conv-44_qa_10,conv-44,2,0.0,0.0,0.0,0.0,ZScore_RawERK
conv-44_qa_100,conv-44,4,1.0,1.0,1.0,1.0,ZScore_RawERK
conv-44_qa_101,conv-44,4,0.0,1.0,0.5,1.0,ZScore_RawERK
conv-44_qa_102,conv-44,4,0.0,1.0,0.5,1.0,ZScore_RawERK
conv-44_qa_103,conv-44,4,1.0,1.0,1.0,1.0,ZScore_RawERK
conv-44_qa_104,conv-44,4,0.0,1.0,0.5,1.0,ZScore_RawERK
conv-44_qa_105,conv-44,4,0.0,1.0,0.125,1.0,ZScore_RawERK
conv-44_qa_106,conv-44,4,1.0,1.0,1.0,1.0,ZScore_RawERK
conv-44_qa_107,conv-44,4,1.0,1.0,1.0,1.0,ZScore_RawERK
conv-44_qa_108,conv-44,4,0.0,1.0,0.5,1.0,ZScore_RawERK
conv-44_qa_109,conv-44,4,1.0,1.0,1.0,1.0,ZScore_RawERK
conv-44_qa_11,conv-44,2,0.0,1.0,0.3333333333333333,1.0,ZScore_RawERK
conv-44_qa_110,conv-44,4,1.0,1.0,1.0,1.0,ZScore_RawERK
conv-44_qa_111,conv-44,4,0.0,1.0,0.2,1.0,ZScore_RawERK
conv-44_qa_112,conv-44,4,0.0,1.0,0.5,1.0,ZScore_RawERK
conv-44_qa_113,conv-44,4,1.0,1.0,1.0,1.0,ZScore_RawERK
conv-44_qa_114,conv-44,4,1.0,1.0,1.0,1.0,ZScore_RawERK
conv-44_qa_115,conv-44,4,1.0,1.0,1.0,1.0,ZScore_RawERK
conv-44_qa_116,conv-44,4,1.0,1.0,1.0,1.0,ZScore_RawERK
conv-44_qa_117,conv-44,4,0.0,1.0,0.2,1.0,ZScore_RawERK
conv-44_qa_118,conv-44,4,1.0,1.0,1.0,1.0,ZScore_RawERK
conv-44_qa_119,conv-44,4,1.0,1.0,1.0,1.0,ZScore_RawERK
conv-44_qa_12,conv-44,1,0.0,0.0,0.0,0.0,ZScore_RawERK
conv-44_qa_120,conv-44,4,1.0,1.0,1.0,1.0,ZScore_RawERK
conv-44_qa_121,conv-44,4,1.0,1.0,1.0,1.0,ZScore_RawERK
conv-44_qa_122,conv-44,4,0.0,1.0,0.1111111111111111,1.0,ZScore_RawERK
conv-44_qa_13,conv-44,2,1.0,1.0,1.0,1.0,ZScore_RawERK
conv-44_qa_14,conv-44,1,0.0,1.0,0.3333333333333333,1.0,ZScore_RawERK
conv-44_qa_15,conv-44,1,0.0,0.0,0.0,0.0,ZScore_RawERK
conv-44_qa_16,conv-44,2,0.0,0.0,0.0,0.0,ZScore_RawERK
conv-44_qa_17,conv-44,1,0.0,1.0,0.2,1.0,ZScore_RawERK
conv-44_qa_18,conv-44,1,1.0,1.0,1.0,1.0,ZScore_RawERK
conv-44_qa_19,conv-44,3,0.0,0.0,0.0,0.0,ZScore_RawERK
conv-44_qa_2,conv-44,1,0.0,1.0,0.3333333333333333,1.0,ZScore_RawERK
conv-44_qa_20,conv-44,3,0.0,1.0,0.16666666666666666,1.0,ZScore_RawERK
conv-44_qa_21,conv-44,1,1.0,1.0,1.0,1.0,ZScore_RawERK
conv-44_qa_22,conv-44,2,0.0,1.0,0.25,1.0,ZScore_RawERK
conv-44_qa_23,conv-44,1,0.0,0.0,0.0,0.0,ZScore_RawERK
conv-44_qa_24,conv-44,1,0.0,0.0,0.0,0.0,ZScore_RawERK
conv-44_qa_25,conv-44,2,1.0,1.0,1.0,1.0,ZScore_RawERK
conv-44_qa_26,conv-44,1,0.0,1.0,0.3333333333333333,1.0,ZScore_RawERK
conv-44_qa_27,conv-44,1,0.0,1.0,0.1,1.0,ZScore_RawERK
conv-44_qa_28,conv-44,1,0.0,0.0,0.0,0.0,ZScore_RawERK
conv-44_qa_29,conv-44,1,1.0,1.0,1.0,1.0,ZScore_RawERK
conv-44_qa_3,conv-44,1,1.0,1.0,1.0,1.0,ZScore_RawERK
conv-44_qa_30,conv-44,2,1.0,1.0,1.0,1.0,ZScore_RawERK
conv-44_qa_31,conv-44,1,0.0,0.0,0.0,0.0,ZScore_RawERK
conv-44_qa_32,conv-44,1,1.0,1.0,1.0,1.0,ZScore_RawERK
conv-44_qa_33,conv-44,3,0.0,0.0,0.0,0.0,ZScore_RawERK
conv-44_qa_34,conv-44,2,0.0,1.0,0.16666666666666666,1.0,ZScore_RawERK
conv-44_qa_35,conv-44,1,0.0,1.0,0.1,1.0,ZScore_RawERK
conv-44_qa_36,conv-44,1,0.0,1.0,0.25,1.0,ZScore_RawERK
conv-44_qa_37,conv-44,2,0.0,1.0,0.3333333333333333,1.0,ZScore_RawERK
conv-44_qa_38,conv-44,2,1.0,1.0,1.0,1.0,ZScore_RawERK
conv-44_qa_39,conv-44,1,0.0,1.0,0.14285714285714285,1.0,ZScore_RawERK
conv-44_qa_4,conv-44,2,1.0,1.0,1.0,1.0,ZScore_RawERK
conv-44_qa_40,conv-44,1,0.0,1.0,0.16666666666666666,1.0,ZScore_RawERK
conv-44_qa_41,conv-44,1,1.0,1.0,1.0,1.0,ZScore_RawERK
conv-44_qa_42,conv-44,1,1.0,1.0,1.0,1.0,ZScore_RawERK
conv-44_qa_43,conv-44,3,0.0,0.0,0.0,0.0,ZScore_RawERK
conv-44_qa_44,conv-44,3,0.0,1.0,0.16666666666666666,1.0,ZScore_RawERK
conv-44_qa_45,conv-44,2,0.0,0.0,0.0,0.0,ZScore_RawERK
conv-44_qa_46,conv-44,2,0.0,0.0,0.0,0.0,ZScore_RawERK
conv-44_qa_47,conv-44,2,0.0,0.0,0.0,0.0,ZScore_RawERK
conv-44_qa_48,conv-44,1,0.0,1.0,0.3333333333333333,1.0,ZScore_RawERK
conv-44_qa_49,conv-44,1,1.0,1.0,1.0,1.0,ZScore_RawERK
conv-44_qa_5,conv-44,2,1.0,1.0,1.0,1.0,ZScore_RawERK
conv-44_qa_50,conv-44,1,0.0,0.0,0.0,0.0,ZScore_RawERK
conv-44_qa_51,conv-44,1,0.0,1.0,0.25,1.0,ZScore_RawERK
conv-44_qa_52,conv-44,3,0.0,0.0,0.0,0.0,ZScore_RawERK
conv-44_qa_53,conv-44,3,0.0,0.0,0.0,0.0,ZScore_RawERK
conv-44_qa_54,conv-44,1,0.0,1.0,0.3333333333333333,1.0,ZScore_RawERK
conv-44_qa_55,conv-44,2,0.0,0.0,0.0,0.0,ZScore_RawERK
conv-44_qa_56,conv-44,1,0.0,1.0,0.5,1.0,ZScore_RawERK
conv-44_qa_57,conv-44,2,0.0,1.0,0.14285714285714285,1.0,ZScore_RawERK
conv-44_qa_58,conv-44,2,0.0,1.0,0.25,1.0,ZScore_RawERK
conv-44_qa_59,conv-44,2,0.0,1.0,0.1,1.0,ZScore_RawERK
conv-44_qa_6,conv-44,2,1.0,1.0,1.0,1.0,ZScore_RawERK
conv-44_qa_60,conv-44,1,0.0,0.0,0.0,0.0,ZScore_RawERK
conv-44_qa_61,conv-44,4,0.0,1.0,0.3333333333333333,1.0,ZScore_RawERK
conv-44_qa_62,conv-44,4,1.0,1.0,1.0,1.0,ZScore_RawERK
conv-44_qa_63,conv-44,4,0.0,1.0,0.14285714285714285,1.0,ZScore_RawERK
conv-44_qa_64,conv-44,4,0.0,1.0,0.2,1.0,ZScore_RawERK
conv-44_qa_65,conv-44,4,0.0,1.0,0.5,1.0,ZScore_RawERK
conv-44_qa_66,conv-44,4,0.0,1.0,0.3333333333333333,1.0,ZScore_RawERK
conv-44_qa_67,conv-44,4,1.0,1.0,1.0,1.0,ZScore_RawERK
conv-44_qa_68,conv-44,4,0.0,1.0,0.3333333333333333,1.0,ZScore_RawERK
conv-44_qa_69,conv-44,4,0.0,1.0,0.5,1.0,ZScore_RawERK
conv-44_qa_7,conv-44,2,0.0,1.0,0.5,1.0,ZScore_RawERK
conv-44_qa_70,conv-44,4,1.0,1.0,1.0,1.0,ZScore_RawERK
conv-44_qa_71,conv-44,4,0.0,1.0,0.2,1.0,ZScore_RawERK
conv-44_qa_72,conv-44,4,1.0,1.0,1.0,1.0,ZScore_RawERK
conv-44_qa_73,conv-44,4,1.0,1.0,1.0,1.0,ZScore_RawERK
conv-44_qa_74,conv-44,4,0.0,1.0,0.5,1.0,ZScore_RawERK
conv-44_qa_75,conv-44,4,0.0,1.0,0.5,1.0,ZScore_RawERK
conv-44_qa_76,conv-44,4,1.0,1.0,1.0,1.0,ZScore_RawERK
conv-44_qa_77,conv-44,4,1.0,1.0,1.0,1.0,ZScore_RawERK
conv-44_qa_78,conv-44,4,1.0,1.0,1.0,1.0,ZScore_RawERK
conv-44_qa_79,conv-44,4,0.0,1.0,0.5,1.0,ZScore_RawERK
conv-44_qa_8,conv-44,2,0.0,1.0,0.1,1.0,ZScore_RawERK
conv-44_qa_80,conv-44,4,0.0,1.0,0.14285714285714285,1.0,ZScore_RawERK
conv-44_qa_81,conv-44,4,0.0,1.0,0.25,1.0,ZScore_RawERK
conv-44_qa_82,conv-44,4,1.0,1.0,1.0,1.0,ZScore_RawERK
conv-44_qa_83,conv-44,4,0.0,1.0,0.5,1.0,ZScore_RawERK
conv-44_qa_84,conv-44,4,0.0,1.0,0.3333333333333333,1.0,ZScore_RawERK
conv-44_qa_85,conv-44,4,1.0,1.0,1.0,1.0,ZScore_RawERK
conv-44_qa_86,conv-44,4,1.0,1.0,1.0,1.0,ZScore_RawERK
conv-44_qa_87,conv-44,4,0.0,1.0,0.25,1.0,ZScore_RawERK
conv-44_qa_88,conv-44,4,0.0,0.0,0.0,0.0,ZScore_RawERK
conv-44_qa_89,conv-44,4,1.0,1.0,1.0,1.0,ZScore_RawERK
conv-44_qa_9,conv-44,1,1.0,1.0,1.0,1.0,ZScore_RawERK
conv-44_qa_90,conv-44,4,1.0,1.0,1.0,1.0,ZScore_RawERK
conv-44_qa_91,conv-44,4,1.0,1.0,1.0,1.0,ZScore_RawERK
conv-44_qa_92,conv-44,4,0.0,0.0,0.0,0.0,ZScore_RawERK
conv-44_qa_93,conv-44,4,1.0,1.0,1.0,1.0,ZScore_RawERK
conv-44_qa_94,conv-44,4,0.0,0.0,0.0,0.0,ZScore_RawERK
conv-44_qa_95,conv-44,4,0.0,1.0,0.3333333333333333,1.0,ZScore_RawERK
conv-44_qa_96,conv-44,4,0.0,1.0,0.5,1.0,ZScore_RawERK
conv-44_qa_97,conv-44,4,1.0,1.0,1.0,1.0,ZScore_RawERK
conv-44_qa_98,conv-44,4,1.0,1.0,1.0,1.0,ZScore_RawERK
conv-44_qa_99,conv-44,4,1.0,1.0,1.0,1.0,ZScore_RawERK
conv-47_qa_0,conv-47,3,0.0,0.0,0.0,0.0,ZScore_RawERK
conv-47_qa_1,conv-47,2,0.0,0.0,0.0,0.0,ZScore_RawERK
conv-47_qa_10,conv-47,2,0.0,1.0,0.3333333333333333,1.0,ZScore_RawERK
conv-47_qa_100,conv-47,4,0.0,1.0,0.16666666666666666,1.0,ZScore_RawERK
conv-47_qa_101,conv-47,4,1.0,1.0,1.0,1.0,ZScore_RawERK
conv-47_qa_102,conv-47,4,1.0,1.0,1.0,1.0,ZScore_RawERK
conv-47_qa_103,conv-47,4,0.0,0.0,0.0,0.0,ZScore_RawERK
conv-47_qa_104,conv-47,4,1.0,1.0,1.0,1.0,ZScore_RawERK
conv-47_qa_105,conv-47,4,1.0,1.0,1.0,1.0,ZScore_RawERK
conv-47_qa_106,conv-47,4,0.0,1.0,0.5,1.0,ZScore_RawERK
conv-47_qa_107,conv-47,4,0.0,0.0,0.0,0.0,ZScore_RawERK
conv-47_qa_108,conv-47,4,0.0,1.0,0.1111111111111111,1.0,ZScore_RawERK
conv-47_qa_109,conv-47,4,0.0,1.0,0.3333333333333333,1.0,ZScore_RawERK
conv-47_qa_11,conv-47,2,0.0,0.0,0.0,0.0,ZScore_RawERK
conv-47_qa_110,conv-47,4,1.0,1.0,1.0,1.0,ZScore_RawERK
conv-47_qa_111,conv-47,4,0.0,1.0,0.2,1.0,ZScore_RawERK
conv-47_qa_112,conv-47,4,1.0,1.0,1.0,1.0,ZScore_RawERK
conv-47_qa_113,conv-47,4,1.0,1.0,1.0,1.0,ZScore_RawERK
conv-47_qa_114,conv-47,4,0.0,1.0,0.5,1.0,ZScore_RawERK
conv-47_qa_115,conv-47,4,1.0,1.0,1.0,1.0,ZScore_RawERK
conv-47_qa_116,conv-47,4,1.0,1.0,1.0,1.0,ZScore_RawERK
conv-47_qa_117,conv-47,4,0.0,1.0,0.25,1.0,ZScore_RawERK
conv-47_qa_118,conv-47,4,0.0,1.0,0.5,1.0,ZScore_RawERK
conv-47_qa_119,conv-47,4,0.0,1.0,0.1,1.0,ZScore_RawERK
conv-47_qa_12,conv-47,3,0.0,0.0,0.0,0.0,ZScore_RawERK
conv-47_qa_120,conv-47,4,0.0,1.0,0.5,1.0,ZScore_RawERK
conv-47_qa_121,conv-47,4,1.0,1.0,1.0,1.0,ZScore_RawERK
conv-47_qa_122,conv-47,4,0.0,1.0,0.5,1.0,ZScore_RawERK
conv-47_qa_123,conv-47,4,0.0,1.0,0.5,1.0,ZScore_RawERK
conv-47_qa_124,conv-47,4,1.0,1.0,1.0,1.0,ZScore_RawERK
conv-47_qa_125,conv-47,4,1.0,1.0,1.0,1.0,ZScore_RawERK
conv-47_qa_126,conv-47,4,0.0,0.0,0.0,0.0,ZScore_RawERK
conv-47_qa_127,conv-47,4,1.0,1.0,1.0,1.0,ZScore_RawERK
conv-47_qa_128,conv-47,4,0.0,0.0,0.0,0.0,ZScore_RawERK
conv-47_qa_129,conv-47,4,1.0,1.0,1.0,1.0,ZScore_RawERK
conv-47_qa_13,conv-47,2,1.0,1.0,1.0,1.0,ZScore_RawERK
conv-47_qa_130,conv-47,4,1.0,1.0,1.0,1.0,ZScore_RawERK
conv-47_qa_131,conv-47,4,1.0,1.0,1.0,1.0,ZScore_RawERK
conv-47_qa_132,conv-47,4,1.0,1.0,1.0,1.0,ZScore_RawERK
conv-47_qa_133,conv-47,4,0.0,1.0,0.16666666666666666,1.0,ZScore_RawERK
conv-47_qa_134,conv-47,4,1.0,1.0,1.0,1.0,ZScore_RawERK
conv-47_qa_135,conv-47,4,0.0,1.0,0.3333333333333333,1.0,ZScore_RawERK
conv-47_qa_136,conv-47,4,0.0,0.0,0.0,0.0,ZScore_RawERK
conv-47_qa_137,conv-47,4,0.0,1.0,0.5,1.0,ZScore_RawERK
conv-47_qa_138,conv-47,4,0.0,1.0,0.1111111111111111,1.0,ZScore_RawERK
conv-47_qa_139,conv-47,4,0.0,1.0,0.5,1.0,ZScore_RawERK
conv-47_qa_14,conv-47,2,1.0,1.0,1.0,1.0,ZScore_RawERK
conv-47_qa_140,conv-47,4,1.0,1.0,1.0,1.0,ZScore_RawERK
conv-47_qa_141,conv-47,4,0.0,1.0,0.14285714285714285,1.0,ZScore_RawERK
conv-47_qa_142,conv-47,4,0.0,1.0,0.125,1.0,ZScore_RawERK
conv-47_qa_143,conv-47,4,1.0,1.0,1.0,1.0,ZScore_RawERK
conv-47_qa_144,conv-47,4,0.0,0.0,0.0,0.0,ZScore_RawERK
conv-47_qa_145,conv-47,4,0.0,1.0,0.5,1.0,ZScore_RawERK
conv-47_qa_146,conv-47,4,1.0,1.0,1.0,1.0,ZScore_RawERK
conv-47_qa_147,conv-47,4,0.0,1.0,0.16666666666666666,1.0,ZScore_RawERK
conv-47_qa_148,conv-47,4,0.0,1.0,0.5,1.0,ZScore_RawERK
conv-47_qa_149,conv-47,4,0.0,1.0,0.125,1.0,ZScore_RawERK
conv-47_qa_15,conv-47,2,0.0,0.0,0.0,0.0,ZScore_RawERK
conv-47_qa_16,conv-47,3,1.0,1.0,1.0,1.0,ZScore_RawERK
conv-47_qa_17,conv-47,3,0.0,1.0,0.5,1.0,ZScore_RawERK
conv-47_qa_18,conv-47,1,0.0,1.0,0.1111111111111111,1.0,ZScore_RawERK
conv-47_qa_19,conv-47,3,0.0,0.0,0.0,0.0,ZScore_RawERK
conv-47_qa_2,conv-47,1,0.0,0.0,0.0,0.0,ZScore_RawERK
conv-47_qa_20,conv-47,1,0.0,1.0,0.125,1.0,ZScore_RawERK
conv-47_qa_21,conv-47,2,0.0,0.0,0.0,0.0,ZScore_RawERK
conv-47_qa_22,conv-47,1,0.0,1.0,0.1,1.0,ZScore_RawERK
conv-47_qa_23,conv-47,2,1.0,1.0,1.0,1.0,ZScore_RawERK
conv-47_qa_24,conv-47,1,0.0,0.0,0.0,0.0,ZScore_RawERK
conv-47_qa_25,conv-47,3,0.0,1.0,0.1,1.0,ZScore_RawERK
conv-47_qa_26,conv-47,1,1.0,1.0,1.0,1.0,ZScore_RawERK
conv-47_qa_27,conv-47,1,0.0,1.0,0.5,1.0,ZScore_RawERK
conv-47_qa_28,conv-47,2,0.0,1.0,0.3333333333333333,1.0,ZScore_RawERK
conv-47_qa_29,conv-47,2,0.0,1.0,0.25,1.0,ZScore_RawERK
conv-47_qa_3,conv-47,1,0.0,1.0,0.25,1.0,ZScore_RawERK
conv-47_qa_30,conv-47,3,0.0,1.0,0.25,1.0,ZScore_RawERK
conv-47_qa_31,conv-47,2,1.0,1.0,1.0,1.0,ZScore_RawERK
conv-47_qa_32,conv-47,2,0.0,1.0,0.125,1.0,ZScore_RawERK
conv-47_qa_33,conv-47,3,0.0,0.0,0.0,0.0,ZScore_RawERK
conv-47_qa_34,conv-47,1,0.0,1.0,0.1111111111111111,1.0,ZScore_RawERK
conv-47_qa_35,conv-47,3,0.0,1.0,0.3333333333333333,1.0,ZScore_RawERK
conv-47_qa_36,conv-47,3,0.0,1.0,0.5,1.0,ZScore_RawERK
conv-47_qa_37,conv-47,2,0.0,1.0,0.5,1.0,ZScore_RawERK
conv-47_qa_38,conv-47,1,0.0,1.0,0.5,1.0,ZScore_RawERK
conv-47_qa_39,conv-47,2,0.0,1.0,0.3333333333333333,1.0,ZScore_RawERK
conv-47_qa_4,conv-47,2,0.0,0.0,0.0,0.0,ZScore_RawERK
conv-47_qa_40,conv-47,1,1.0,1.0,1.0,1.0,ZScore_RawERK
conv-47_qa_41,conv-47,2,0.0,0.0,0.0,0.0,ZScore_RawERK
conv-47_qa_42,conv-47,2,1.0,1.0,1.0,1.0,ZScore_RawERK
conv-47_qa_43,conv-47,2,0.0,1.0,0.5,1.0,ZScore_RawERK
conv-47_qa_44,conv-47,3,1.0,1.0,1.0,1.0,ZScore_RawERK
conv-47_qa_45,conv-47,1,1.0,1.0,1.0,1.0,ZScore_RawERK
conv-47_qa_46,conv-47,2,0.0,1.0,0.25,1.0,ZScore_RawERK
conv-47_qa_47,conv-47,2,1.0,1.0,1.0,1.0,ZScore_RawERK
conv-47_qa_48,conv-47,2,1.0,1.0,1.0,1.0,ZScore_RawERK
conv-47_qa_49,conv-47,1,1.0,1.0,1.0,1.0,ZScore_RawERK
conv-47_qa_5,conv-47,1,0.0,0.0,0.0,0.0,ZScore_RawERK
conv-47_qa_50,conv-47,2,1.0,1.0,1.0,1.0,ZScore_RawERK
conv-47_qa_51,conv-47,1,0.0,1.0,0.125,1.0,ZScore_RawERK
conv-47_qa_52,conv-47,2,0.0,1.0,0.5,1.0,ZScore_RawERK
conv-47_qa_53,conv-47,2,0.0,0.0,0.0,0.0,ZScore_RawERK
conv-47_qa_54,conv-47,1,0.0,1.0,0.1,1.0,ZScore_RawERK
conv-47_qa_55,conv-47,2,1.0,1.0,1.0,1.0,ZScore_RawERK
conv-47_qa_56,conv-47,1,0.0,0.0,0.0,0.0,ZScore_RawERK
conv-47_qa_57,conv-47,2,1.0,1.0,1.0,1.0,ZScore_RawERK
conv-47_qa_58,conv-47,2,1.0,1.0,1.0,1.0,ZScore_RawERK
conv-47_qa_59,conv-47,2,0.0,1.0,0.25,1.0,ZScore_RawERK
conv-47_qa_6,conv-47,3,0.0,0.0,0.0,0.0,ZScore_RawERK
conv-47_qa_60,conv-47,1,0.0,1.0,0.3333333333333333,1.0,ZScore_RawERK
conv-47_qa_61,conv-47,2,1.0,1.0,1.0,1.0,ZScore_RawERK
conv-47_qa_62,conv-47,2,1.0,1.0,1.0,1.0,ZScore_RawERK
conv-47_qa_63,conv-47,2,1.0,1.0,1.0,1.0,ZScore_RawERK
conv-47_qa_64,conv-47,2,1.0,1.0,1.0,1.0,ZScore_RawERK
conv-47_qa_65,conv-47,2,0.0,1.0,0.5,1.0,ZScore_RawERK
conv-47_qa_66,conv-47,2,1.0,1.0,1.0,1.0,ZScore_RawERK
conv-47_qa_67,conv-47,4,0.0,1.0,0.5,1.0,ZScore_RawERK
conv-47_qa_68,conv-47,4,0.0,1.0,0.25,1.0,ZScore_RawERK
conv-47_qa_69,conv-47,4,0.0,1.0,0.5,1.0,ZScore_RawERK
conv-47_qa_7,conv-47,3,1.0,1.0,1.0,1.0,ZScore_RawERK
conv-47_qa_70,conv-47,4,0.0,1.0,0.5,1.0,ZScore_RawERK
conv-47_qa_71,conv-47,4,1.0,1.0,1.0,1.0,ZScore_RawERK
conv-47_qa_72,conv-47,4,0.0,1.0,0.5,1.0,ZScore_RawERK
conv-47_qa_73,conv-47,4,0.0,1.0,0.16666666666666666,1.0,ZScore_RawERK
conv-47_qa_74,conv-47,4,1.0,1.0,1.0,1.0,ZScore_RawERK
conv-47_qa_75,conv-47,4,0.0,0.0,0.0,0.0,ZScore_RawERK
conv-47_qa_76,conv-47,4,1.0,1.0,1.0,1.0,ZScore_RawERK
conv-47_qa_77,conv-47,4,0.0,0.0,0.0,0.0,ZScore_RawERK
conv-47_qa_78,conv-47,4,0.0,1.0,0.1111111111111111,1.0,ZScore_RawERK
conv-47_qa_79,conv-47,4,0.0,1.0,0.5,1.0,ZScore_RawERK
conv-47_qa_8,conv-47,1,0.0,0.0,0.0,0.0,ZScore_RawERK
conv-47_qa_80,conv-47,4,1.0,1.0,1.0,1.0,ZScore_RawERK
conv-47_qa_81,conv-47,4,0.0,0.0,0.0,0.0,ZScore_RawERK
conv-47_qa_82,conv-47,4,0.0,1.0,0.5,1.0,ZScore_RawERK
conv-47_qa_83,conv-47,4,1.0,1.0,1.0,1.0,ZScore_RawERK
conv-47_qa_84,conv-47,4,1.0,1.0,1.0,1.0,ZScore_RawERK
conv-47_qa_85,conv-47,4,1.0,1.0,1.0,1.0,ZScore_RawERK
conv-47_qa_86,conv-47,4,0.0,1.0,0.2,1.0,ZScore_RawERK
conv-47_qa_87,conv-47,4,1.0,1.0,1.0,1.0,ZScore_RawERK
conv-47_qa_88,conv-47,4,0.0,0.0,0.0,0.0,ZScore_RawERK
conv-47_qa_89,conv-47,4,0.0,1.0,0.5,1.0,ZScore_RawERK
conv-47_qa_9,conv-47,1,0.0,0.0,0.0,0.0,ZScore_RawERK
conv-47_qa_90,conv-47,4,1.0,1.0,1.0,1.0,ZScore_RawERK
conv-47_qa_91,conv-47,4,0.0,1.0,0.5,1.0,ZScore_RawERK
conv-47_qa_92,conv-47,4,0.0,1.0,0.3333333333333333,1.0,ZScore_RawERK
conv-47_qa_93,conv-47,4,0.0,1.0,0.5,1.0,ZScore_RawERK
conv-47_qa_94,conv-47,4,0.0,0.0,0.0,0.0,ZScore_RawERK
conv-47_qa_95,conv-47,4,1.0,1.0,1.0,1.0,ZScore_RawERK
conv-47_qa_96,conv-47,4,0.0,1.0,0.5,1.0,ZScore_RawERK
conv-47_qa_97,conv-47,4,1.0,1.0,1.0,1.0,ZScore_RawERK
conv-47_qa_98,conv-47,4,0.0,1.0,0.5,1.0,ZScore_RawERK
conv-47_qa_99,conv-47,4,1.0,1.0,1.0,1.0,ZScore_RawERK
conv-49_qa_0,conv-49,1,0.0,1.0,0.3333333333333333,1.0,ZScore_RawERK
conv-49_qa_1,conv-49,1,0.0,1.0,0.14285714285714285,1.0,ZScore_RawERK
conv-49_qa_10,conv-49,3,0.0,1.0,0.16666666666666666,1.0,ZScore_RawERK
conv-49_qa_100,conv-49,4,1.0,1.0,1.0,1.0,ZScore_RawERK
conv-49_qa_101,conv-49,4,1.0,1.0,1.0,1.0,ZScore_RawERK
conv-49_qa_102,conv-49,4,0.0,1.0,0.5,1.0,ZScore_RawERK
conv-49_qa_103,conv-49,4,0.0,1.0,0.2,1.0,ZScore_RawERK
conv-49_qa_104,conv-49,4,0.0,0.0,0.0,0.0,ZScore_RawERK
conv-49_qa_105,conv-49,4,0.0,1.0,0.3333333333333333,1.0,ZScore_RawERK
conv-49_qa_106,conv-49,4,1.0,1.0,1.0,1.0,ZScore_RawERK
conv-49_qa_107,conv-49,4,1.0,1.0,1.0,1.0,ZScore_RawERK
conv-49_qa_108,conv-49,4,1.0,1.0,1.0,1.0,ZScore_RawERK
conv-49_qa_109,conv-49,4,0.0,0.0,0.0,0.0,ZScore_RawERK
conv-49_qa_11,conv-49,1,0.0,1.0,0.5,1.0,ZScore_RawERK
conv-49_qa_110,conv-49,4,0.0,1.0,0.16666666666666666,1.0,ZScore_RawERK
conv-49_qa_111,conv-49,4,0.0,1.0,0.5,1.0,ZScore_RawERK
conv-49_qa_112,conv-49,4,0.0,0.0,0.0,0.0,ZScore_RawERK
conv-49_qa_113,conv-49,4,1.0,1.0,1.0,1.0,ZScore_RawERK
conv-49_qa_114,conv-49,4,0.0,1.0,0.1,1.0,ZScore_RawERK
conv-49_qa_115,conv-49,4,0.0,1.0,0.125,1.0,ZScore_RawERK
conv-49_qa_116,conv-49,4,0.0,1.0,0.5,1.0,ZScore_RawERK
conv-49_qa_117,conv-49,4,0.0,1.0,0.3333333333333333,1.0,ZScore_RawERK
conv-49_qa_118,conv-49,4,0.0,0.0,0.0,0.0,ZScore_RawERK
conv-49_qa_119,conv-49,4,0.0,1.0,0.5,1.0,ZScore_RawERK
conv-49_qa_12,conv-49,2,1.0,1.0,1.0,1.0,ZScore_RawERK
conv-49_qa_120,conv-49,4,1.0,1.0,1.0,1.0,ZScore_RawERK
conv-49_qa_121,conv-49,4,0.0,1.0,0.25,1.0,ZScore_RawERK
conv-49_qa_122,conv-49,4,1.0,1.0,1.0,1.0,ZScore_RawERK
conv-49_qa_123,conv-49,4,0.0,0.0,0.0,0.0,ZScore_RawERK
conv-49_qa_124,conv-49,4,0.0,0.0,0.0,0.0,ZScore_RawERK
conv-49_qa_125,conv-49,4,1.0,1.0,1.0,1.0,ZScore_RawERK
conv-49_qa_126,conv-49,4,1.0,1.0,1.0,1.0,ZScore_RawERK
conv-49_qa_127,conv-49,4,0.0,0.0,0.0,0.0,ZScore_RawERK
conv-49_qa_128,conv-49,4,1.0,1.0,1.0,1.0,ZScore_RawERK
conv-49_qa_129,conv-49,4,1.0,1.0,1.0,1.0,ZScore_RawERK
conv-49_qa_13,conv-49,2,1.0,1.0,1.0,1.0,ZScore_RawERK
conv-49_qa_130,conv-49,4,0.0,0.0,0.0,0.0,ZScore_RawERK
conv-49_qa_131,conv-49,4,0.0,1.0,0.5,1.0,ZScore_RawERK
conv-49_qa_132,conv-49,4,1.0,1.0,1.0,1.0,ZScore_RawERK
conv-49_qa_133,conv-49,4,1.0,1.0,1.0,1.0,ZScore_RawERK
conv-49_qa_134,conv-49,4,1.0,1.0,1.0,1.0,ZScore_RawERK
conv-49_qa_135,conv-49,4,0.0,1.0,0.2,1.0,ZScore_RawERK
conv-49_qa_136,conv-49,4,1.0,1.0,1.0,1.0,ZScore_RawERK
conv-49_qa_137,conv-49,4,1.0,1.0,1.0,1.0,ZScore_RawERK
conv-49_qa_138,conv-49,4,1.0,1.0,1.0,1.0,ZScore_RawERK
conv-49_qa_139,conv-49,4,0.0,1.0,0.25,1.0,ZScore_RawERK
conv-49_qa_14,conv-49,1,0.0,1.0,0.5,1.0,ZScore_RawERK
conv-49_qa_140,conv-49,4,1.0,1.0,1.0,1.0,ZScore_RawERK
conv-49_qa_141,conv-49,4,1.0,1.0,1.0,1.0,ZScore_RawERK
conv-49_qa_142,conv-49,4,1.0,1.0,1.0,1.0,ZScore_RawERK
conv-49_qa_143,conv-49,4,0.0,1.0,0.3333333333333333,1.0,ZScore_RawERK
conv-49_qa_144,conv-49,4,1.0,1.0,1.0,1.0,ZScore_RawERK
conv-49_qa_145,conv-49,4,0.0,0.0,0.0,0.0,ZScore_RawERK
conv-49_qa_146,conv-49,4,1.0,1.0,1.0,1.0,ZScore_RawERK
conv-49_qa_147,conv-49,4,0.0,1.0,0.5,1.0,ZScore_RawERK
conv-49_qa_148,conv-49,4,0.0,1.0,0.5,1.0,ZScore_RawERK
conv-49_qa_149,conv-49,4,0.0,1.0,0.3333333333333333,1.0,ZScore_RawERK
conv-49_qa_15,conv-49,1,0.0,1.0,0.125,1.0,ZScore_RawERK
conv-49_qa_150,conv-49,4,1.0,1.0,1.0,1.0,ZScore_RawERK
conv-49_qa_151,conv-49,4,1.0,1.0,1.0,1.0,ZScore_RawERK
conv-49_qa_152,conv-49,4,0.0,1.0,0.1111111111111111,1.0,ZScore_RawERK
conv-49_qa_153,conv-49,4,1.0,1.0,1.0,1.0,ZScore_RawERK
conv-49_qa_154,conv-49,4,1.0,1.0,1.0,1.0,ZScore_RawERK
conv-49_qa_155,conv-49,4,1.0,1.0,1.0,1.0,ZScore_RawERK
conv-49_qa_16,conv-49,1,1.0,1.0,1.0,1.0,ZScore_RawERK
conv-49_qa_17,conv-49,2,1.0,1.0,1.0,1.0,ZScore_RawERK
conv-49_qa_18,conv-49,1,0.0,1.0,0.1,1.0,ZScore_RawERK
conv-49_qa_19,conv-49,3,0.0,0.0,0.0,0.0,ZScore_RawERK
conv-49_qa_2,conv-49,1,1.0,1.0,1.0,1.0,ZScore_RawERK
conv-49_qa_20,conv-49,3,0.0,1.0,0.25,1.0,ZScore_RawERK
conv-49_qa_21,conv-49,1,1.0,1.0,1.0,1.0,ZScore_RawERK
conv-49_qa_22,conv-49,2,0.0,1.0,0.1,1.0,ZScore_RawERK
conv-49_qa_23,conv-49,2,1.0,1.0,1.0,1.0,ZScore_RawERK
conv-49_qa_24,conv-49,2,0.0,0.0,0.0,0.0,ZScore_RawERK
conv-49_qa_25,conv-49,2,0.0,0.0,0.0,0.0,ZScore_RawERK
conv-49_qa_26,conv-49,1,1.0,1.0,1.0,1.0,ZScore_RawERK
conv-49_qa_27,conv-49,3,0.0,0.0,0.0,0.0,ZScore_RawERK
conv-49_qa_28,conv-49,1,0.0,0.0,0.0,0.0,ZScore_RawERK
conv-49_qa_29,conv-49,1,1.0,1.0,1.0,1.0,ZScore_RawERK
conv-49_qa_3,conv-49,1,0.0,1.0,0.5,1.0,ZScore_RawERK
conv-49_qa_30,conv-49,2,1.0,1.0,1.0,1.0,ZScore_RawERK
conv-49_qa_31,conv-49,3,0.0,0.0,0.0,0.0,ZScore_RawERK
conv-49_qa_32,conv-49,1,0.0,0.0,0.0,0.0,ZScore_RawERK
conv-49_qa_33,conv-49,1,0.0,1.0,0.5,1.0,ZScore_RawERK
conv-49_qa_34,conv-49,1,1.0,1.0,1.0,1.0,ZScore_RawERK
conv-49_qa_35,conv-49,2,1.0,1.0,1.0,1.0,ZScore_RawERK
conv-49_qa_36,conv-49,1,0.0,0.0,0.0,0.0,ZScore_RawERK
conv-49_qa_37,conv-49,1,0.0,1.0,0.5,1.0,ZScore_RawERK
conv-49_qa_38,conv-49,3,0.0,0.0,0.0,0.0,ZScore_RawERK
conv-49_qa_39,conv-49,2,0.0,1.0,0.5,1.0,ZScore_RawERK
conv-49_qa_4,conv-49,2,0.0,1.0,0.5,1.0,ZScore_RawERK
conv-49_qa_40,conv-49,2,0.0,1.0,0.3333333333333333,1.0,ZScore_RawERK
conv-49_qa_41,conv-49,2,0.0,0.0,0.0,0.0,ZScore_RawERK
conv-49_qa_42,conv-49,1,1.0,1.0,1.0,1.0,ZScore_RawERK
conv-49_qa_43,conv-49,3,0.0,0.0,0.0,0.0,ZScore_RawERK
conv-49_qa_44,conv-49,1,0.0,1.0,0.5,1.0,ZScore_RawERK
conv-49_qa_45,conv-49,2,0.0,1.0,0.1,1.0,ZScore_RawERK
conv-49_qa_46,conv-49,3,0.0,0.0,0.0,0.0,ZScore_RawERK
conv-49_qa_47,conv-49,2,1.0,1.0,1.0,1.0,ZScore_RawERK
conv-49_qa_48,conv-49,1,1.0,1.0,1.0,1.0,ZScore_RawERK
conv-49_qa_49,conv-49,1,0.0,0.0,0.0,0.0,ZScore_RawERK
conv-49_qa_5,conv-49,3,0.0,0.0,0.0,0.0,ZScore_RawERK
conv-49_qa_50,conv-49,1,0.0,1.0,0.3333333333333333,1.0,ZScore_RawERK
conv-49_qa_51,conv-49,3,0.0,0.0,0.0,0.0,ZScore_RawERK
conv-49_qa_52,conv-49,2,0.0,1.0,0.3333333333333333,1.0,ZScore_RawERK
conv-49_qa_53,conv-49,2,0.0,1.0,0.25,1.0,ZScore_RawERK
conv-49_qa_54,conv-49,1,0.0,1.0,0.1,1.0,ZScore_RawERK
conv-49_qa_55,conv-49,1,0.0,1.0,0.3333333333333333,1.0,ZScore_RawERK
conv-49_qa_56,conv-49,1,0.0,1.0,0.5,1.0,ZScore_RawERK
conv-49_qa_57,conv-49,3,0.0,0.0,0.0,0.0,ZScore_RawERK
conv-49_qa_58,conv-49,2,1.0,1.0,1.0,1.0,ZScore_RawERK
conv-49_qa_59,conv-49,2,1.0,1.0,1.0,1.0,ZScore_RawERK
conv-49_qa_6,conv-49,1,0.0,1.0,0.3333333333333333,1.0,ZScore_RawERK
conv-49_qa_60,conv-49,2,0.0,0.0,0.0,0.0,ZScore_RawERK
conv-49_qa_61,conv-49,2,0.0,1.0,0.2,1.0,ZScore_RawERK
conv-49_qa_62,conv-49,1,0.0,1.0,0.5,1.0,ZScore_RawERK
conv-49_qa_63,conv-49,2,1.0,1.0,1.0,1.0,ZScore_RawERK
conv-49_qa_64,conv-49,1,0.0,1.0,0.5,1.0,ZScore_RawERK
conv-49_qa_65,conv-49,3,1.0,1.0,1.0,1.0,ZScore_RawERK
conv-49_qa_66,conv-49,2,0.0,1.0,0.1,1.0,ZScore_RawERK
conv-49_qa_67,conv-49,2,0.0,1.0,0.25,1.0,ZScore_RawERK
conv-49_qa_68,conv-49,2,0.0,0.0,0.0,0.0,ZScore_RawERK
conv-49_qa_69,conv-49,1,0.0,1.0,0.5,1.0,ZScore_RawERK
conv-49_qa_7,conv-49,1,1.0,1.0,1.0,1.0,ZScore_RawERK
conv-49_qa_70,conv-49,2,0.0,0.0,0.0,0.0,ZScore_RawERK
conv-49_qa_71,conv-49,3,0.0,0.0,0.0,0.0,ZScore_RawERK
conv-49_qa_72,conv-49,1,0.0,1.0,0.1111111111111111,1.0,ZScore_RawERK
conv-49_qa_73,conv-49,2,1.0,1.0,1.0,1.0,ZScore_RawERK
conv-49_qa_74,conv-49,2,1.0,1.0,1.0,1.0,ZScore_RawERK
conv-49_qa_75,conv-49,2,1.0,1.0,1.0,1.0,ZScore_RawERK
conv-49_qa_76,conv-49,2,0.0,1.0,0.5,1.0,ZScore_RawERK
conv-49_qa_77,conv-49,1,0.0,0.0,0.0,0.0,ZScore_RawERK
conv-49_qa_78,conv-49,1,1.0,1.0,1.0,1.0,ZScore_RawERK
conv-49_qa_79,conv-49,2,1.0,1.0,1.0,1.0,ZScore_RawERK
conv-49_qa_8,conv-49,1,0.0,1.0,0.5,1.0,ZScore_RawERK
conv-49_qa_80,conv-49,2,0.0,1.0,0.5,1.0,ZScore_RawERK
conv-49_qa_81,conv-49,1,1.0,1.0,1.0,1.0,ZScore_RawERK
conv-49_qa_82,conv-49,1,1.0,1.0,1.0,1.0,ZScore_RawERK
conv-49_qa_83,conv-49,4,0.0,1.0,0.3333333333333333,1.0,ZScore_RawERK
conv-49_qa_84,conv-49,4,0.0,0.0,0.0,0.0,ZScore_RawERK
conv-49_qa_85,conv-49,4,1.0,1.0,1.0,1.0,ZScore_RawERK
conv-49_qa_86,conv-49,4,0.0,0.0,0.0,0.0,ZScore_RawERK
conv-49_qa_87,conv-49,4,1.0,1.0,1.0,1.0,ZScore_RawERK
conv-49_qa_88,conv-49,4,0.0,1.0,0.25,1.0,ZScore_RawERK
conv-49_qa_89,conv-49,4,0.0,1.0,0.25,1.0,ZScore_RawERK
conv-49_qa_9,conv-49,2,1.0,1.0,1.0,1.0,ZScore_RawERK
conv-49_qa_90,conv-49,4,0.0,0.0,0.0,0.0,ZScore_RawERK
conv-49_qa_91,conv-49,4,0.0,1.0,0.16666666666666666,1.0,ZScore_RawERK
conv-49_qa_92,conv-49,4,1.0,1.0,1.0,1.0,ZScore_RawERK
conv-49_qa_93,conv-49,4,0.0,1.0,0.5,1.0,ZScore_RawERK
conv-49_qa_94,conv-49,4,1.0,1.0,1.0,1.0,ZScore_RawERK
conv-49_qa_95,conv-49,4,1.0,1.0,1.0,1.0,ZScore_RawERK
conv-49_qa_96,conv-49,4,1.0,1.0,1.0,1.0,ZScore_RawERK
conv-49_qa_97,conv-49,4,1.0,1.0,1.0,1.0,ZScore_RawERK
conv-49_qa_98,conv-49,4,1.0,1.0,1.0,1.0,ZScore_RawERK
conv-49_qa_99,conv-49,4,1.0,1.0,1.0,1.0,ZScore_RawERK
conv-50_qa_0,conv-50,2,0.0,0.0,0.0,0.0,ZScore_RawERK
conv-50_qa_1,conv-50,1,1.0,1.0,1.0,1.0,ZScore_RawERK
conv-50_qa_10,conv-50,2,1.0,1.0,1.0,1.0,ZScore_RawERK
conv-50_qa_100,conv-50,4,1.0,1.0,1.0,1.0,ZScore_RawERK
conv-50_qa_101,conv-50,4,1.0,1.0,1.0,1.0,ZScore_RawERK
conv-50_qa_102,conv-50,4,0.0,1.0,0.5,1.0,ZScore_RawERK
conv-50_qa_103,conv-50,4,0.0,0.0,0.0,0.0,ZScore_RawERK
conv-50_qa_104,conv-50,4,1.0,1.0,1.0,1.0,ZScore_RawERK
conv-50_qa_105,conv-50,4,0.0,1.0,0.2,1.0,ZScore_RawERK
conv-50_qa_106,conv-50,4,1.0,1.0,1.0,1.0,ZScore_RawERK
conv-50_qa_107,conv-50,4,1.0,1.0,1.0,1.0,ZScore_RawERK
conv-50_qa_108,conv-50,4,1.0,1.0,1.0,1.0,ZScore_RawERK
conv-50_qa_109,conv-50,4,0.0,1.0,0.5,1.0,ZScore_RawERK
conv-50_qa_11,conv-50,1,0.0,1.0,0.14285714285714285,1.0,ZScore_RawERK
conv-50_qa_110,conv-50,4,0.0,0.0,0.0,0.0,ZScore_RawERK
conv-50_qa_111,conv-50,4,0.0,1.0,0.3333333333333333,1.0,ZScore_RawERK
conv-50_qa_112,conv-50,4,1.0,1.0,1.0,1.0,ZScore_RawERK
conv-50_qa_113,conv-50,4,0.0,1.0,0.5,1.0,ZScore_RawERK
conv-50_qa_114,conv-50,4,1.0,1.0,1.0,1.0,ZScore_RawERK
conv-50_qa_115,conv-50,4,0.0,1.0,0.5,1.0,ZScore_RawERK
conv-50_qa_116,conv-50,4,1.0,1.0,1.0,1.0,ZScore_RawERK
conv-50_qa_117,conv-50,4,0.0,1.0,0.1111111111111111,1.0,ZScore_RawERK
conv-50_qa_118,conv-50,4,0.0,1.0,0.16666666666666666,1.0,ZScore_RawERK
conv-50_qa_119,conv-50,4,0.0,0.0,0.0,0.0,ZScore_RawERK
conv-50_qa_12,conv-50,2,0.0,1.0,0.3333333333333333,1.0,ZScore_RawERK
conv-50_qa_120,conv-50,4,0.0,0.0,0.0,0.0,ZScore_RawERK
conv-50_qa_121,conv-50,4,1.0,1.0,1.0,1.0,ZScore_RawERK
conv-50_qa_122,conv-50,4,1.0,1.0,1.0,1.0,ZScore_RawERK
conv-50_qa_123,conv-50,4,0.0,1.0,0.5,1.0,ZScore_RawERK
conv-50_qa_124,conv-50,4,0.0,1.0,0.16666666666666666,1.0,ZScore_RawERK
conv-50_qa_125,conv-50,4,0.0,0.0,0.0,0.0,ZScore_RawERK
conv-50_qa_126,conv-50,4,1.0,1.0,1.0,1.0,ZScore_RawERK
conv-50_qa_127,conv-50,4,0.0,1.0,0.5,1.0,ZScore_RawERK
conv-50_qa_128,conv-50,4,0.0,1.0,0.2,1.0,ZScore_RawERK
conv-50_qa_129,conv-50,4,1.0,1.0,1.0,1.0,ZScore_RawERK
conv-50_qa_13,conv-50,3,0.0,0.0,0.0,0.0,ZScore_RawERK
conv-50_qa_130,conv-50,4,0.0,1.0,0.25,1.0,ZScore_RawERK
conv-50_qa_131,conv-50,4,1.0,1.0,1.0,1.0,ZScore_RawERK
conv-50_qa_132,conv-50,4,0.0,1.0,0.5,1.0,ZScore_RawERK
conv-50_qa_133,conv-50,4,0.0,1.0,0.5,1.0,ZScore_RawERK
conv-50_qa_134,conv-50,4,0.0,0.0,0.0,0.0,ZScore_RawERK
conv-50_qa_135,conv-50,4,1.0,1.0,1.0,1.0,ZScore_RawERK
conv-50_qa_136,conv-50,4,1.0,1.0,1.0,1.0,ZScore_RawERK
conv-50_qa_137,conv-50,4,0.0,1.0,0.25,1.0,ZScore_RawERK
conv-50_qa_138,conv-50,4,0.0,1.0,0.25,1.0,ZScore_RawERK
conv-50_qa_139,conv-50,4,0.0,1.0,0.5,1.0,ZScore_RawERK
conv-50_qa_14,conv-50,2,1.0,1.0,1.0,1.0,ZScore_RawERK
conv-50_qa_140,conv-50,4,0.0,1.0,0.16666666666666666,1.0,ZScore_RawERK
conv-50_qa_141,conv-50,4,0.0,0.0,0.0,0.0,ZScore_RawERK
conv-50_qa_142,conv-50,4,1.0,1.0,1.0,1.0,ZScore_RawERK
conv-50_qa_143,conv-50,4,0.0,1.0,0.25,1.0,ZScore_RawERK
conv-50_qa_144,conv-50,4,0.0,1.0,0.3333333333333333,1.0,ZScore_RawERK
conv-50_qa_145,conv-50,4,1.0,1.0,1.0,1.0,ZScore_RawERK
conv-50_qa_146,conv-50,4,1.0,1.0,1.0,1.0,ZScore_RawERK
conv-50_qa_147,conv-50,4,1.0,1.0,1.0,1.0,ZScore_RawERK
conv-50_qa_148,conv-50,4,1.0,1.0,1.0,1.0,ZScore_RawERK
conv-50_qa_149,conv-50,4,0.0,1.0,0.25,1.0,ZScore_RawERK
conv-50_qa_15,conv-50,1,1.0,1.0,1.0,1.0,ZScore_RawERK
conv-50_qa_150,conv-50,4,0.0,1.0,0.3333333333333333,1.0,ZScore_RawERK
conv-50_qa_151,conv-50,4,0.0,0.0,0.0,0.0,ZScore_RawERK
conv-50_qa_152,conv-50,4,0.0,1.0,0.25,1.0,ZScore_RawERK
conv-50_qa_153,conv-50,4,0.0,1.0,0.5,1.0,ZScore_RawERK
conv-50_qa_154,conv-50,4,1.0,1.0,1.0,1.0,ZScore_RawERK
conv-50_qa_155,conv-50,4,1.0,1.0,1.0,1.0,ZScore_RawERK
conv-50_qa_156,conv-50,4,0.0,0.0,0.0,0.0,ZScore_RawERK
conv-50_qa_157,conv-50,4,1.0,1.0,1.0,1.0,ZScore_RawERK
conv-50_qa_16,conv-50,2,1.0,1.0,1.0,1.0,ZScore_RawERK
conv-50_qa_17,conv-50,2,0.0,0.0,0.0,0.0,ZScore_RawERK
conv-50_qa_18,conv-50,1,0.0,1.0,0.3333333333333333,1.0,ZScore_RawERK
conv-50_qa_19,conv-50,1,0.0,1.0,0.14285714285714285,1.0,ZScore_RawERK
conv-50_qa_2,conv-50,2,1.0,1.0,1.0,1.0,ZScore_RawERK
conv-50_qa_20,conv-50,1,0.0,1.0,0.125,1.0,ZScore_RawERK
conv-50_qa_21,conv-50,3,1.0,1.0,1.0,1.0,ZScore_RawERK
conv-50_qa_22,conv-50,1,1.0,1.0,1.0,1.0,ZScore_RawERK
conv-50_qa_23,conv-50,1,0.0,0.0,0.0,0.0,ZScore_RawERK
conv-50_qa_24,conv-50,1,1.0,1.0,1.0,1.0,ZScore_RawERK
conv-50_qa_25,conv-50,2,1.0,1.0,1.0,1.0,ZScore_RawERK
conv-50_qa_26,conv-50,2,1.0,1.0,1.0,1.0,ZScore_RawERK
conv-50_qa_27,conv-50,2,0.0,0.0,0.0,0.0,ZScore_RawERK
conv-50_qa_28,conv-50,1,0.0,1.0,0.2,1.0,ZScore_RawERK
conv-50_qa_29,conv-50,1,0.0,0.0,0.0,0.0,ZScore_RawERK
conv-50_qa_3,conv-50,1,1.0,1.0,1.0,1.0,ZScore_RawERK
conv-50_qa_30,conv-50,1,1.0,1.0,1.0,1.0,ZScore_RawERK
conv-50_qa_31,conv-50,2,0.0,0.0,0.0,0.0,ZScore_RawERK
conv-50_qa_32,conv-50,1,1.0,1.0,1.0,1.0,ZScore_RawERK
conv-50_qa_33,conv-50,1,1.0,1.0,1.0,1.0,ZScore_RawERK
conv-50_qa_34,conv-50,2,0.0,0.0,0.0,0.0,ZScore_RawERK
conv-50_qa_35,conv-50,2,1.0,1.0,1.0,1.0,ZScore_RawERK
conv-50_qa_36,conv-50,2,1.0,1.0,1.0,1.0,ZScore_RawERK
conv-50_qa_37,conv-50,3,0.0,0.0,0.0,0.0,ZScore_RawERK
conv-50_qa_38,conv-50,2,0.0,1.0,0.3333333333333333,1.0,ZScore_RawERK
conv-50_qa_39,conv-50,3,0.0,0.0,0.0,0.0,ZScore_RawERK
conv-50_qa_4,conv-50,3,0.0,1.0,0.2,1.0,ZScore_RawERK
conv-50_qa_40,conv-50,1,0.0,1.0,0.5,1.0,ZScore_RawERK
conv-50_qa_41,conv-50,1,0.0,0.0,0.0,0.0,ZScore_RawERK
conv-50_qa_42,conv-50,3,0.0,0.0,0.0,0.0,ZScore_RawERK
conv-50_qa_43,conv-50,2,0.0,0.0,0.0,0.0,ZScore_RawERK
conv-50_qa_44,conv-50,2,1.0,1.0,1.0,1.0,ZScore_RawERK
conv-50_qa_45,conv-50,1,0.0,0.0,0.0,0.0,ZScore_RawERK
conv-50_qa_46,conv-50,1,0.0,0.0,0.0,0.0,ZScore_RawERK
conv-50_qa_47,conv-50,1,0.0,1.0,0.3333333333333333,1.0,ZScore_RawERK
conv-50_qa_48,conv-50,2,0.0,0.0,0.0,0.0,ZScore_RawERK
conv-50_qa_49,conv-50,1,1.0,1.0,1.0,1.0,ZScore_RawERK
conv-50_qa_5,conv-50,1,0.0,1.0,0.14285714285714285,1.0,ZScore_RawERK
conv-50_qa_50,conv-50,2,0.0,1.0,0.3333333333333333,1.0,ZScore_RawERK
conv-50_qa_51,conv-50,2,0.0,1.0,0.25,1.0,ZScore_RawERK
conv-50_qa_52,conv-50,2,1.0,1.0,1.0,1.0,ZScore_RawERK
conv-50_qa_53,conv-50,1,1.0,1.0,1.0,1.0,ZScore_RawERK
conv-50_qa_54,conv-50,1,0.0,1.0,0.5,1.0,ZScore_RawERK
conv-50_qa_55,conv-50,2,1.0,1.0,1.0,1.0,ZScore_RawERK
conv-50_qa_56,conv-50,1,0.0,0.0,0.0,0.0,ZScore_RawERK
conv-50_qa_57,conv-50,2,0.0,0.0,0.0,0.0,ZScore_RawERK
conv-50_qa_58,conv-50,1,0.0,1.0,0.16666666666666666,1.0,ZScore_RawERK
conv-50_qa_59,conv-50,1,1.0,1.0,1.0,1.0,ZScore_RawERK
conv-50_qa_6,conv-50,1,0.0,1.0,0.5,1.0,ZScore_RawERK
conv-50_qa_60,conv-50,1,1.0,1.0,1.0,1.0,ZScore_RawERK
conv-50_qa_61,conv-50,2,1.0,1.0,1.0,1.0,ZScore_RawERK
conv-50_qa_62,conv-50,2,1.0,1.0,1.0,1.0,ZScore_RawERK
conv-50_qa_63,conv-50,1,0.0,0.0,0.0,0.0,ZScore_RawERK
conv-50_qa_64,conv-50,1,0.0,1.0,0.5,1.0,ZScore_RawERK
conv-50_qa_65,conv-50,2,0.0,1.0,0.25,1.0,ZScore_RawERK
conv-50_qa_66,conv-50,1,0.0,1.0,0.2,1.0,ZScore_RawERK
conv-50_qa_67,conv-50,2,0.0,0.0,0.0,0.0,ZScore_RawERK
conv-50_qa_68,conv-50,2,0.0,0.0,0.0,0.0,ZScore_RawERK
conv-50_qa_69,conv-50,2,0.0,0.0,0.0,0.0,ZScore_RawERK
conv-50_qa_7,conv-50,3,0.0,1.0,0.3333333333333333,1.0,ZScore_RawERK
conv-50_qa_70,conv-50,2,0.0,0.0,0.0,0.0,ZScore_RawERK
conv-50_qa_71,conv-50,4,1.0,1.0,1.0,1.0,ZScore_RawERK
conv-50_qa_72,conv-50,4,0.0,1.0,0.16666666666666666,1.0,ZScore_RawERK
conv-50_qa_73,conv-50,4,0.0,1.0,0.1,1.0,ZScore_RawERK
conv-50_qa_74,conv-50,4,1.0,1.0,1.0,1.0,ZScore_RawERK
conv-50_qa_75,conv-50,4,0.0,1.0,0.2,1.0,ZScore_RawERK
conv-50_qa_76,conv-50,4,1.0,1.0,1.0,1.0,ZScore_RawERK
conv-50_qa_77,conv-50,4,1.0,1.0,1.0,1.0,ZScore_RawERK
conv-50_qa_78,conv-50,4,0.0,1.0,0.16666666666666666,1.0,ZScore_RawERK
conv-50_qa_79,conv-50,4,1.0,1.0,1.0,1.0,ZScore_RawERK
conv-50_qa_8,conv-50,2,1.0,1.0,1.0,1.0,ZScore_RawERK
conv-50_qa_80,conv-50,4,0.0,1.0,0.16666666666666666,1.0,ZScore_RawERK
conv-50_qa_81,conv-50,4,1.0,1.0,1.0,1.0,ZScore_RawERK
conv-50_qa_82,conv-50,4,0.0,1.0,0.14285714285714285,1.0,ZScore_RawERK
conv-50_qa_83,conv-50,4,1.0,1.0,1.0,1.0,ZScore_RawERK
conv-50_qa_84,conv-50,4,1.0,1.0,1.0,1.0,ZScore_RawERK
conv-50_qa_85,conv-50,4,0.0,1.0,0.5,1.0,ZScore_RawERK
conv-50_qa_86,conv-50,4,1.0,1.0,1.0,1.0,ZScore_RawERK
conv-50_qa_87,conv-50,4,0.0,0.0,0.0,0.0,ZScore_RawERK
conv-50_qa_88,conv-50,4,0.0,0.0,0.0,0.0,ZScore_RawERK
conv-50_qa_89,conv-50,4,1.0,1.0,1.0,1.0,ZScore_RawERK
conv-50_qa_9,conv-50,2,1.0,1.0,1.0,1.0,ZScore_RawERK
conv-50_qa_90,conv-50,4,1.0,1.0,1.0,1.0,ZScore_RawERK
conv-50_qa_91,conv-50,4,0.0,1.0,0.16666666666666666,1.0,ZScore_RawERK
conv-50_qa_92,conv-50,4,0.0,1.0,0.3333333333333333,1.0,ZScore_RawERK
conv-50_qa_93,conv-50,4,0.0,1.0,0.3333333333333333,1.0,ZScore_RawERK
conv-50_qa_94,conv-50,4,1.0,1.0,1.0,1.0,ZScore_RawERK
conv-50_qa_95,conv-50,4,0.0,1.0,0.3333333333333333,1.0,ZScore_RawERK
conv-50_qa_96,conv-50,4,0.0,1.0,0.25,1.0,ZScore_RawERK
conv-50_qa_97,conv-50,4,0.0,1.0,0.25,1.0,ZScore_RawERK
conv-50_qa_98,conv-50,4,1.0,1.0,1.0,1.0,ZScore_RawERK
conv-50_qa_99,conv-50,4,1.0,1.0,1.0,1.0,ZScore_RawERK
